/*
 * Custom Orbitron 28 px subset font for the home-screen digital
 * clock. Generated by tools/gen_clock_font.py from Orbitron.ttf.
 * (Variable name kept as font_argus_label_28 so it stays a drop-in for the clock slot.)
 *
 * Only includes the glyphs the clock actually uses (digits, colon,
 * space, A/M/P) so the flash cost stays tiny (~14.7 KB
 * of glyph bitmap data) compared with a full-character font at this size.
 *
 * The format mirrors what `lv_font_conv` produces — same struct layout,
 * cmap type, glyph descriptor field order — so this file plugs in via
 * the existing `lv_font_t *` slot exactly like the built-in fonts.
 */

#include "lvgl.h"

/*-----------------
 *    BITMAPS
 *----------------*/

static LV_ATTRIBUTE_LARGE_CONST const uint8_t glyph_bitmap[] = {
    /* U+0020 " " */

    /* U+0021 "!" */
    0x12, 0x26, 0xfe, 0x6f, 0xe6, 0xfe, 0x6f, 0xe6, 0xfe, 0x6f, 0xe6, 0xfe,
    0x6f, 0xe6, 0xfe, 0x6f, 0xe6, 0xfe, 0x6f, 0xe6, 0xfe, 0x6f, 0xe2, 0x54,
    0x00, 0x00, 0x00, 0x24, 0x46, 0xfe, 0x6f, 0xe0,

    /* U+0022 """ */
    0x12, 0x20, 0x02, 0x21, 0x5f, 0xe0, 0x0f, 0xf4, 0x5f, 0xe0, 0x0f, 0xf4,
    0x5f, 0xe0, 0x0f, 0xf4, 0x4c, 0xb0, 0x0c, 0xc3,

    /* U+0023 "#" */
    0x00, 0x00, 0x00, 0x00, 0x12, 0x20, 0x00, 0x00, 0x00, 0x12, 0x10, 0x00,
    0x00, 0x00, 0x00, 0x7f, 0xc0, 0x00, 0x00, 0x00, 0xef, 0x50, 0x00, 0x00,
    0x00, 0x00, 0xcf, 0x60, 0x00, 0x00, 0x04, 0xfe, 0x00, 0x00, 0x00, 0x00,
    0x02, 0xff, 0x10, 0x00, 0x00, 0x09, 0xf9, 0x00, 0x00, 0x00, 0x00, 0x08,
    0xfb, 0x00, 0x00, 0x00, 0x0e, 0xf4, 0x00, 0x02, 0x88, 0x88, 0x8d, 0xfc,
    0x88, 0x88, 0x88, 0xaf, 0xf8, 0x85, 0x03, 0xff, 0xff, 0xff, 0xff, 0xff,
    0xff, 0xff, 0xff, 0xff, 0xfa, 0x02, 0xbb, 0xbb, 0xef, 0xeb, 0xbb, 0xbb,
    0xbb, 0xff, 0xcb, 0xb7, 0x00, 0x00, 0x00, 0xcf, 0x70, 0x00, 0x00, 0x04,
    0xfe, 0x10, 0x00, 0x00, 0x00, 0x02, 0xff, 0x20, 0x00, 0x00, 0x09, 0xfa,
    0x00, 0x00, 0x00, 0x00, 0x07, 0xfc, 0x00, 0x00, 0x00, 0x0d, 0xf5, 0x00,
    0x00, 0x00, 0x00, 0x0c, 0xf8, 0x00, 0x00, 0x00, 0x3f, 0xf1, 0x00, 0x00,
    0x00, 0x00, 0x1f, 0xf3, 0x00, 0x00, 0x00, 0x8f, 0xb0, 0x00, 0x00, 0x01,
    0x11, 0x7f, 0xe1, 0x11, 0x11, 0x11, 0xdf, 0x71, 0x11, 0x10, 0x2f, 0xff,
    0xff, 0xff, 0xff, 0xff, 0xff, 0xff, 0xff, 0xff, 0xb0, 0x2f, 0xff, 0xff,
    0xff, 0xff, 0xff, 0xff, 0xff, 0xff, 0xff, 0xb0, 0x03, 0x38, 0xfd, 0x33,
    0x33, 0x33, 0x3d, 0xf8, 0x33, 0x33, 0x20, 0x00, 0x0a, 0xf9, 0x00, 0x00,
    0x00, 0x2f, 0xf2, 0x00, 0x00, 0x00, 0x00, 0x1e, 0xf4, 0x00, 0x00, 0x00,
    0x7f, 0xd0, 0x00, 0x00, 0x00, 0x00, 0x5f, 0xe0, 0x00, 0x00, 0x00, 0xcf,
    0x80, 0x00, 0x00, 0x00, 0x00, 0x9f, 0xa0, 0x00, 0x00, 0x01, 0xff, 0x30,
    0x00, 0x00, 0x00,

    /* U+0024 "$" */
    0x00, 0x00, 0x00, 0x00, 0x00, 0x66, 0x20, 0x00, 0x00, 0x00, 0x00, 0x00,
    0x00, 0x00, 0x00, 0x00, 0xff, 0x40, 0x00, 0x00, 0x00, 0x00, 0x00, 0x00,
    0x00, 0x00, 0x00, 0xff, 0x40, 0x00, 0x00, 0x00, 0x00, 0x00, 0x01, 0x22,
    0x22, 0x22, 0xff, 0x62, 0x22, 0x22, 0x10, 0x00, 0x00, 0x9f, 0xff, 0xff,
    0xff, 0xff, 0xff, 0xff, 0xff, 0xfb, 0x20, 0x08, 0xff, 0xff, 0xff, 0xff,
    0xff, 0xff, 0xff, 0xff, 0xff, 0xc0, 0x0e, 0xf9, 0x22, 0x22, 0x22, 0xff,
    0x62, 0x22, 0x22, 0x6f, 0xf3, 0x1f, 0xf3, 0x00, 0x00, 0x00, 0xff, 0x40,
    0x00, 0x00, 0x0f, 0xf4, 0x1f, 0xf3, 0x00, 0x00, 0x00, 0xff, 0x40, 0x00,
    0x00, 0x00, 0x00, 0x1f, 0xf3, 0x00, 0x00, 0x00, 0xff, 0x40, 0x00, 0x00,
    0x00, 0x00, 0x1f, 0xf3, 0x00, 0x00, 0x00, 0xff, 0x40, 0x00, 0x00, 0x00,
    0x00, 0x1f, 0xf3, 0x00, 0x00, 0x00, 0xff, 0x40, 0x00, 0x00, 0x00, 0x00,
    0x0e, 0xfa, 0x44, 0x44, 0x44, 0xff, 0x74, 0x44, 0x44, 0x20, 0x00, 0x07,
    0xff, 0xff, 0xff, 0xff, 0xff, 0xff, 0xff, 0xff, 0xfc, 0x20, 0x00, 0x7e,
    0xff, 0xff, 0xff, 0xff, 0xff, 0xff, 0xff, 0xff, 0xd0, 0x00, 0x00, 0x11,
    0x11, 0x11, 0xff, 0x51, 0x11, 0x11, 0x5f, 0xf4, 0x00, 0x00, 0x00, 0x00,
    0x00, 0xff, 0x40, 0x00, 0x00, 0x0f, 0xf5, 0x00, 0x00, 0x00, 0x00, 0x00,
    0xff, 0x40, 0x00, 0x00, 0x0f, 0xf5, 0x00, 0x00, 0x00, 0x00, 0x00, 0xff,
    0x40, 0x00, 0x00, 0x0f, 0xf5, 0x02, 0x20, 0x00, 0x00, 0x00, 0xff, 0x40,
    0x00, 0x00, 0x0f, 0xf5, 0x1f, 0xf3, 0x00, 0x00, 0x00, 0xff, 0x40, 0x00,
    0x00, 0x0f, 0xf5, 0x0e, 0xfa, 0x44, 0x44, 0x44, 0xff, 0x74, 0x44, 0x44,
    0x8f, 0xf3, 0x07, 0xff, 0xff, 0xff, 0xff, 0xff, 0xff, 0xff, 0xff, 0xff,
    0xb0, 0x00, 0x7d, 0xff, 0xff, 0xff, 0xff, 0xff, 0xff, 0xff, 0xe9, 0x10,
    0x00, 0x00, 0x00, 0x00, 0x00, 0xff, 0x40, 0x00, 0x00, 0x00, 0x00, 0x00,
    0x00, 0x00, 0x00, 0x00, 0xff, 0x40, 0x00, 0x00, 0x00, 0x00, 0x00, 0x00,
    0x00, 0x00, 0x00, 0xff, 0x40, 0x00, 0x00, 0x00, 0x00, 0x00, 0x00, 0x00,
    0x00, 0x00, 0x33, 0x10, 0x00, 0x00, 0x00, 0x00,

    /* U+0025 "%" */
    0x00, 0x02, 0x22, 0x20, 0x00, 0x00, 0x00, 0x00, 0x00, 0x00, 0x00, 0x00,
    0x00, 0x04, 0xdf, 0xff, 0xfe, 0x60, 0x00, 0x00, 0x00, 0x00, 0x00, 0x00,
    0x93, 0x00, 0x2f, 0x99, 0x99, 0x99, 0xe4, 0x00, 0x00, 0x00, 0x00, 0x00,
    0x1b, 0xf3, 0x00, 0x8f, 0x10, 0x00, 0x00, 0xea, 0x00, 0x00, 0x00, 0x00,
    0x02, 0xdf, 0xf3, 0x00, 0xaf, 0x10, 0x00, 0x00, 0xec, 0x00, 0x00, 0x00,
    0x00, 0x4e, 0xff, 0x60, 0x00, 0xaf, 0x10, 0x00, 0x00, 0xec, 0x00, 0x00,
    0x00, 0x06, 0xff, 0xe4, 0x00, 0x00, 0xaf, 0x10, 0x00, 0x00, 0xec, 0x00,
    0x00, 0x00, 0x8f, 0xfd, 0x20, 0x00, 0x00, 0x8f, 0x10, 0x00, 0x00, 0xea,
    0x00, 0x00, 0x1a, 0xff, 0xb1, 0x00, 0x00, 0x00, 0x2e, 0xbb, 0xbb, 0xbb,
    0xe3, 0x00, 0x02, 0xcf, 0xf9, 0x00, 0x00, 0x00, 0x00, 0x03, 0xbe, 0xff,
    0xfc, 0x40, 0x00, 0x3d, 0xff, 0x70, 0x00, 0x00, 0x00, 0x00, 0x00, 0x00,
    0x00, 0x00, 0x00, 0x05, 0xef, 0xe5, 0x00, 0x00, 0x00, 0x00, 0x00, 0x00,
    0x00, 0x00, 0x00, 0x00, 0x7f, 0xfd, 0x30, 0x00, 0x12, 0x22, 0x00, 0x00,
    0x00, 0x00, 0x00, 0x00, 0x09, 0xff, 0xc2, 0x00, 0x1b, 0xff, 0xff, 0xf8,
    0x00, 0x00, 0x00, 0x00, 0x01, 0xbf, 0xfa, 0x10, 0x00, 0xcb, 0x99, 0x99,
    0x9d, 0x80, 0x00, 0x00, 0x00, 0x2d, 0xff, 0x80, 0x00, 0x03, 0xf6, 0x00,
    0x00, 0x09, 0xe0, 0x00, 0x00, 0x04, 0xef, 0xf6, 0x00, 0x00, 0x05, 0xf6,
    0x00, 0x00, 0x09, 0xf1, 0x00, 0x00, 0x6f, 0xfe, 0x40, 0x00, 0x00, 0x05,
    0xf6, 0x00, 0x00, 0x09, 0xf1, 0x00, 0x09, 0xff, 0xd2, 0x00, 0x00, 0x00,
    0x05, 0xf6, 0x00, 0x00, 0x09, 0xf1, 0x00, 0x2f, 0xfb, 0x10, 0x00, 0x00,
    0x00, 0x03, 0xf6, 0x00, 0x00, 0x09, 0xe0, 0x00, 0x2f, 0x90, 0x00, 0x00,
    0x00, 0x00, 0x00, 0xbc, 0xaa, 0xaa, 0xad, 0x70, 0x00, 0x26, 0x00, 0x00,
    0x00, 0x00, 0x00, 0x00, 0x19, 0xef, 0xff, 0xe7, 0x00, 0x00, 0x00, 0x00,
    0x00, 0x00, 0x00, 0x00, 0x00, 0x00, 0x00, 0x00, 0x00, 0x00,

    /* U+0026 "&" */
    0x00, 0x00, 0x12, 0x22, 0x22, 0x22, 0x22, 0x22, 0x20, 0x00, 0x00, 0x00,
    0x00, 0x01, 0xbf, 0xff, 0xff, 0xff, 0xff, 0xff, 0xff, 0xe5, 0x00, 0x00,
    0x00, 0x00, 0xcf, 0xff, 0xff, 0xff, 0xff, 0xff, 0xff, 0xff, 0xf5, 0x00,
    0x00, 0x00, 0x3f, 0xf7, 0x33, 0x33, 0x33, 0x33, 0x33, 0x34, 0xbf, 0xd0,
    0x00, 0x00, 0x05, 0xfe, 0x00, 0x00, 0x00, 0x00, 0x00, 0x00, 0x06, 0xff,
    0x00, 0x00, 0x00, 0x5f, 0xe0, 0x00, 0x00, 0x00, 0x00, 0x00, 0x00, 0x14,
    0x40, 0x00, 0x00, 0x05, 0xfe, 0x00, 0x00, 0x00, 0x00, 0x00, 0x00, 0x00,
    0x00, 0x00, 0x00, 0x00, 0x4f, 0xe0, 0x00, 0x00, 0x00, 0x00, 0x00, 0x00,
    0x00, 0x00, 0x00, 0x00, 0x00, 0xdf, 0x81, 0x00, 0x00, 0x00, 0x00, 0x00,
    0x00, 0x00, 0x00, 0x00, 0x00, 0x04, 0xff, 0xe8, 0x10, 0x00, 0x00, 0x00,
    0x00, 0x00, 0x00, 0x00, 0x00, 0x1b, 0xf9, 0x9f, 0xfe, 0x81, 0x00, 0x00,
    0x00, 0x00, 0x00, 0x00, 0x00, 0x07, 0xfc, 0x00, 0x29, 0xff, 0xe7, 0x10,
    0x00, 0x00, 0x02, 0x54, 0x00, 0x00, 0x8f, 0xc0, 0x00, 0x02, 0x9f, 0xfe,
    0x71, 0x00, 0x00, 0x7f, 0xd0, 0x00, 0x08, 0xfc, 0x00, 0x00, 0x00, 0x29,
    0xff, 0xe7, 0x10, 0x07, 0xfd, 0x00, 0x00, 0x8f, 0xc0, 0x00, 0x00, 0x00,
    0x02, 0xaf, 0xfe, 0x71, 0x7f, 0xd0, 0x00, 0x08, 0xfc, 0x00, 0x00, 0x00,
    0x00, 0x00, 0x2a, 0xff, 0xec, 0xfd, 0x00, 0x00, 0x8f, 0xc0, 0x00, 0x00,
    0x00, 0x00, 0x00, 0x02, 0xaf, 0xff, 0xe4, 0x00, 0x08, 0xfc, 0x00, 0x00,
    0x00, 0x00, 0x00, 0x00, 0x00, 0x3c, 0xff, 0xfa, 0x20, 0x5f, 0xf6, 0x44,
    0x44, 0x44, 0x44, 0x44, 0x44, 0x45, 0xef, 0xcc, 0xff, 0x61, 0xdf, 0xff,
    0xff, 0xff, 0xff, 0xff, 0xff, 0xff, 0xff, 0xe2, 0x06, 0xd9, 0x02, 0xae,
    0xff, 0xff, 0xff, 0xff, 0xff, 0xff, 0xff, 0xb3, 0x00, 0x01, 0x30,

    /* U+0027 "'" */
    0x12, 0x25, 0xfe, 0x5f, 0xe5, 0xfe, 0x4c, 0xb0,

    /* U+0028 "(" */
    0x00, 0x02, 0x20, 0x3d, 0xfa, 0x1e, 0xff, 0xa7, 0xfe, 0x42, 0x8f, 0xb0,
    0x08, 0xfb, 0x00, 0x8f, 0xb0, 0x08, 0xfb, 0x00, 0x8f, 0xb0, 0x08, 0xfb,
    0x00, 0x8f, 0xb0, 0x08, 0xfb, 0x00, 0x8f, 0xb0, 0x08, 0xfb, 0x00, 0x8f,
    0xb0, 0x08, 0xfb, 0x00, 0x8f, 0xb0, 0x08, 0xfb, 0x00, 0x6f, 0xf6, 0x31,
    0xdf, 0xfa, 0x02, 0xae, 0xa0,

    /* U+0029 ")" */
    0x12, 0x00, 0x07, 0xfe, 0x50, 0x7f, 0xff, 0x41, 0x3d, 0xfa, 0x00, 0x9f,
    0xb0, 0x08, 0xfc, 0x00, 0x8f, 0xc0, 0x08, 0xfc, 0x00, 0x8f, 0xc0, 0x08,
    0xfc, 0x00, 0x8f, 0xc0, 0x08, 0xfc, 0x00, 0x8f, 0xc0, 0x08, 0xfc, 0x00,
    0x8f, 0xc0, 0x08, 0xfc, 0x00, 0x8f, 0xc0, 0x09, 0xfb, 0x25, 0xef, 0x97,
    0xff, 0xe3, 0x7f, 0xc3, 0x00,

    /* U+002A "*" */
    0x00, 0x00, 0x01, 0x21, 0x00, 0x00, 0x00, 0x00, 0x00, 0x8f, 0xc0, 0x00,
    0x00, 0x00, 0x00, 0x08, 0xfc, 0x00, 0x00, 0x00, 0x10, 0x00, 0x8f, 0xc0,
    0x00, 0x10, 0x0d, 0xc7, 0x28, 0xfc, 0x16, 0xbf, 0x12, 0xff, 0xff, 0xef,
    0xff, 0xff, 0xf6, 0x04, 0x9e, 0xff, 0xff, 0xff, 0xb6, 0x10, 0x00, 0x08,
    0xff, 0xfc, 0x10, 0x00, 0x00, 0x02, 0xef, 0xef, 0xf5, 0x00, 0x00, 0x00,
    0xcf, 0xe2, 0xcf, 0xe2, 0x00, 0x00, 0x7f, 0xf5, 0x02, 0xef, 0xb0, 0x00,
    0x02, 0xb9, 0x00, 0x05, 0xd4, 0x00, 0x00, 0x00, 0x00, 0x00, 0x01, 0x00,
    0x00,

    /* U+002B "+" */
    0x00, 0x00, 0x3b, 0xb0, 0x00, 0x00, 0x00, 0x00, 0x4f, 0xf0, 0x00, 0x00,
    0x00, 0x00, 0x4f, 0xf0, 0x00, 0x00, 0x00, 0x00, 0x4f, 0xf0, 0x00, 0x00,
    0x37, 0x77, 0x9f, 0xf7, 0x77, 0x73, 0x8f, 0xff, 0xff, 0xff, 0xff, 0xf6,
    0x7d, 0xdd, 0xdf, 0xfd, 0xdd, 0xd5, 0x00, 0x00, 0x4f, 0xf0, 0x00, 0x00,
    0x00, 0x00, 0x4f, 0xf0, 0x00, 0x00, 0x00, 0x00, 0x4f, 0xf0, 0x00, 0x00,
    0x00, 0x00, 0x4f, 0xf0, 0x00, 0x00, 0x00, 0x00, 0x13, 0x30, 0x00, 0x00,

    /* U+002C "," */
    0x24, 0x47, 0xfc, 0x7f, 0xc7, 0xfc, 0x7f, 0x97, 0xe2, 0x42, 0x00,

    /* U+002D "-" */
    0x27, 0x77, 0x77, 0x77, 0x77, 0x74, 0x5f, 0xff, 0xff, 0xff, 0xff, 0xf9,
    0x4d, 0xdd, 0xdd, 0xdd, 0xdd, 0xd7,

    /* U+002E "." */
    0x24, 0x47, 0xfc, 0x7f, 0xc0,

    /* U+002F "/" */
    0x00, 0x00, 0x00, 0x00, 0x00, 0x00, 0x00, 0x00, 0x00, 0x00, 0x00, 0x00,
    0x00, 0x00, 0x45, 0x00, 0x00, 0x00, 0x00, 0x00, 0x00, 0x2e, 0x50, 0x00,
    0x00, 0x00, 0x00, 0x00, 0x1c, 0xf5, 0x00, 0x00, 0x00, 0x00, 0x00, 0x0a,
    0xfb, 0x00, 0x00, 0x00, 0x00, 0x00, 0x08, 0xfd, 0x10, 0x00, 0x00, 0x00,
    0x00, 0x05, 0xfe, 0x20, 0x00, 0x00, 0x00, 0x00, 0x03, 0xef, 0x40, 0x00,
    0x00, 0x00, 0x00, 0x01, 0xdf, 0x70, 0x00, 0x00, 0x00, 0x00, 0x00, 0xcf,
    0x90, 0x00, 0x00, 0x00, 0x00, 0x00, 0x9f, 0xc0, 0x00, 0x00, 0x00, 0x00,
    0x00, 0x7f, 0xd1, 0x00, 0x00, 0x00, 0x00, 0x00, 0x4f, 0xe3, 0x00, 0x00,
    0x00, 0x00, 0x00, 0x2e, 0xf5, 0x00, 0x00, 0x00, 0x00, 0x00, 0x1d, 0xf8,
    0x00, 0x00, 0x00, 0x00, 0x00, 0x0b, 0xfa, 0x00, 0x00, 0x00, 0x00, 0x00,
    0x09, 0xfc, 0x10, 0x00, 0x00, 0x00, 0x00, 0x06, 0xfe, 0x20, 0x00, 0x00,
    0x00, 0x00, 0x00, 0xcf, 0x40, 0x00, 0x00, 0x00, 0x00, 0x00, 0x0c, 0x60,
    0x00, 0x00, 0x00, 0x00, 0x00, 0x00, 0x60, 0x00, 0x00, 0x00, 0x00, 0x00,
    0x00, 0x00,

    /* U+0030 "0" */
    0x00, 0x01, 0x22, 0x22, 0x22, 0x22, 0x22, 0x22, 0x22, 0x00, 0x00, 0x2c,
    0xff, 0xff, 0xff, 0xff, 0xff, 0xff, 0xff, 0xfe, 0x70, 0x0d, 0xff, 0xff,
    0xff, 0xff, 0xff, 0xff, 0xff, 0xff, 0xff, 0x64, 0xff, 0x52, 0x22, 0x22,
    0x22, 0x22, 0x22, 0x22, 0x5e, 0xfd, 0x6f, 0xd0, 0x00, 0x00, 0x00, 0x00,
    0x00, 0x00, 0x5e, 0xff, 0xe6, 0xfd, 0x00, 0x00, 0x00, 0x00, 0x00, 0x00,
    0x7f, 0xff, 0xfe, 0x6f, 0xd0, 0x00, 0x00, 0x00, 0x00, 0x01, 0xaf, 0xfd,
    0x7f, 0xe6, 0xfd, 0x00, 0x00, 0x00, 0x00, 0x02, 0xcf, 0xfb, 0x15, 0xfe,
    0x6f, 0xd0, 0x00, 0x00, 0x00, 0x03, 0xef, 0xf8, 0x00, 0x5f, 0xe6, 0xfd,
    0x00, 0x00, 0x00, 0x05, 0xff, 0xf5, 0x00, 0x05, 0xfe, 0x6f, 0xd0, 0x00,
    0x00, 0x08, 0xff, 0xe3, 0x00, 0x00, 0x5f, 0xe6, 0xfd, 0x00, 0x00, 0x1a,
    0xff, 0xc2, 0x00, 0x00, 0x05, 0xfe, 0x6f, 0xd0, 0x00, 0x2c, 0xff, 0xa1,
    0x00, 0x00, 0x00, 0x5f, 0xe6, 0xfd, 0x00, 0x4e, 0xff, 0x70, 0x00, 0x00,
    0x00, 0x05, 0xfe, 0x6f, 0xd0, 0x6f, 0xfe, 0x50, 0x00, 0x00, 0x00, 0x00,
    0x5f, 0xe6, 0xfe, 0x8f, 0xfd, 0x30, 0x00, 0x00, 0x00, 0x00, 0x05, 0xfe,
    0x6f, 0xff, 0xfb, 0x10, 0x00, 0x00, 0x00, 0x00, 0x00, 0x5f, 0xe6, 0xff,
    0xf9, 0x00, 0x00, 0x00, 0x00, 0x00, 0x00, 0x05, 0xfe, 0x4f, 0xfb, 0x44,
    0x44, 0x44, 0x44, 0x44, 0x44, 0x45, 0xcf, 0xc0, 0xcf, 0xff, 0xff, 0xff,
    0xff, 0xff, 0xff, 0xff, 0xff, 0xf5, 0x01, 0xae, 0xff, 0xff, 0xff, 0xff,
    0xff, 0xff, 0xff, 0xd5, 0x00,

    /* U+0031 "1" */
    0x00, 0x00, 0x02, 0x22, 0x10, 0x00, 0x04, 0xff, 0xf7, 0x00, 0x02, 0xef,
    0xff, 0x70, 0x01, 0xdf, 0xee, 0xf7, 0x00, 0xbf, 0xf4, 0xdf, 0x70, 0x9f,
    0xf6, 0x0d, 0xf7, 0x7f, 0xf8, 0x00, 0xdf, 0x72, 0x22, 0x00, 0x0d, 0xf7,
    0x00, 0x00, 0x00, 0xdf, 0x70, 0x00, 0x00, 0x0d, 0xf7, 0x00, 0x00, 0x00,
    0xdf, 0x70, 0x00, 0x00, 0x0d, 0xf7, 0x00, 0x00, 0x00, 0xdf, 0x70, 0x00,
    0x00, 0x0d, 0xf7, 0x00, 0x00, 0x00, 0xdf, 0x70, 0x00, 0x00, 0x0d, 0xf7,
    0x00, 0x00, 0x00, 0xdf, 0x70, 0x00, 0x00, 0x0d, 0xf7, 0x00, 0x00, 0x00,
    0xdf, 0x70, 0x00, 0x00, 0x0d, 0xf7, 0x00, 0x00, 0x00, 0xdf, 0x70,

    /* U+0032 "2" */
    0x00, 0x02, 0x33, 0x33, 0x33, 0x33, 0x33, 0x33, 0x33, 0x10, 0x00, 0x2c,
    0xff, 0xff, 0xff, 0xff, 0xff, 0xff, 0xff, 0xff, 0x80, 0x0d, 0xff, 0xff,
    0xff, 0xff, 0xff, 0xff, 0xff, 0xff, 0xff, 0x65, 0xff, 0x52, 0x22, 0x22,
    0x22, 0x22, 0x22, 0x22, 0x2a, 0xfd, 0x6f, 0xd0, 0x00, 0x00, 0x00, 0x00,
    0x00, 0x00, 0x00, 0x5f, 0xe0, 0x00, 0x00, 0x00, 0x00, 0x00, 0x00, 0x00,
    0x00, 0x05, 0xfe, 0x00, 0x00, 0x00, 0x00, 0x00, 0x00, 0x00, 0x00, 0x00,
    0x5f, 0xe0, 0x00, 0x00, 0x00, 0x00, 0x00, 0x00, 0x00, 0x00, 0x05, 0xfe,
    0x00, 0x00, 0x00, 0x00, 0x00, 0x00, 0x00, 0x00, 0x00, 0x5f, 0xe0, 0x00,
    0x00, 0x00, 0x00, 0x00, 0x00, 0x00, 0x00, 0x09, 0xfd, 0x01, 0x9d, 0xee,
    0xee, 0xee, 0xee, 0xee, 0xee, 0xef, 0xff, 0x80, 0xcf, 0xff, 0xff, 0xff,
    0xff, 0xff, 0xff, 0xff, 0xff, 0xa0, 0x4f, 0xf8, 0x55, 0x55, 0x55, 0x55,
    0x55, 0x55, 0x55, 0x30, 0x06, 0xfe, 0x00, 0x00, 0x00, 0x00, 0x00, 0x00,
    0x00, 0x00, 0x00, 0x6f, 0xd0, 0x00, 0x00, 0x00, 0x00, 0x00, 0x00, 0x00,
    0x00, 0x06, 0xfd, 0x00, 0x00, 0x00, 0x00, 0x00, 0x00, 0x00, 0x00, 0x00,
    0x6f, 0xd0, 0x00, 0x00, 0x00, 0x00, 0x00, 0x00, 0x00, 0x00, 0x06, 0xfe,
    0x00, 0x00, 0x00, 0x00, 0x00, 0x00, 0x00, 0x00, 0x00, 0x6f, 0xf7, 0x44,
    0x44, 0x44, 0x44, 0x44, 0x44, 0x44, 0x44, 0x46, 0xff, 0xff, 0xff, 0xff,
    0xff, 0xff, 0xff, 0xff, 0xff, 0xfe, 0x6f, 0xff, 0xff, 0xff, 0xff, 0xff,
    0xff, 0xff, 0xff, 0xff, 0xe0,

    /* U+0033 "3" */
    0x00, 0x02, 0x33, 0x33, 0x33, 0x33, 0x33, 0x33, 0x31, 0x00, 0x00, 0x3d,
    0xff, 0xff, 0xff, 0xff, 0xff, 0xff, 0xff, 0xf8, 0x00, 0x1e, 0xff, 0xff,
    0xff, 0xff, 0xff, 0xff, 0xff, 0xff, 0xf7, 0x06, 0xff, 0x42, 0x22, 0x22,
    0x22, 0x22, 0x22, 0x22, 0xaf, 0xd0, 0x7e, 0xc0, 0x00, 0x00, 0x00, 0x00,
    0x00, 0x00, 0x05, 0xff, 0x00, 0x00, 0x00, 0x00, 0x00, 0x00, 0x00, 0x00,
    0x00, 0x5f, 0xf0, 0x00, 0x00, 0x00, 0x00, 0x00, 0x00, 0x00, 0x00, 0x05,
    0xff, 0x00, 0x00, 0x00, 0x00, 0x00, 0x00, 0x00, 0x00, 0x00, 0x5f, 0xf0,
    0x00, 0x00, 0x00, 0x00, 0x00, 0x00, 0x00, 0x00, 0x05, 0xfe, 0x00, 0x00,
    0x04, 0x77, 0x77, 0x77, 0x77, 0x77, 0x77, 0xdf, 0xc0, 0x00, 0x00, 0xaf,
    0xff, 0xff, 0xff, 0xff, 0xff, 0xff, 0xfe, 0x20, 0x00, 0x08, 0xdd, 0xdd,
    0xdd, 0xdd, 0xdd, 0xdd, 0xdf, 0xf9, 0x00, 0x00, 0x00, 0x00, 0x00, 0x00,
    0x00, 0x00, 0x00, 0x9f, 0xd0, 0x00, 0x00, 0x00, 0x00, 0x00, 0x00, 0x00,
    0x00, 0x06, 0xfd, 0x00, 0x00, 0x00, 0x00, 0x00, 0x00, 0x00, 0x00, 0x00,
    0x6f, 0xd0, 0x00, 0x00, 0x00, 0x00, 0x00, 0x00, 0x00, 0x00, 0x06, 0xfd,
    0x00, 0x00, 0x00, 0x00, 0x00, 0x00, 0x00, 0x00, 0x00, 0x6f, 0xd6, 0xdb,
    0x00, 0x00, 0x00, 0x00, 0x00, 0x00, 0x00, 0x07, 0xfd, 0x5f, 0xf7, 0x44,
    0x44, 0x44, 0x44, 0x44, 0x44, 0x45, 0xcf, 0xb1, 0xdf, 0xff, 0xff, 0xff,
    0xff, 0xff, 0xff, 0xff, 0xff, 0xf4, 0x02, 0xae, 0xff, 0xff, 0xff, 0xff,
    0xff, 0xff, 0xff, 0xc4, 0x00,

    /* U+0034 "4" */
    0x00, 0x00, 0x00, 0x00, 0x00, 0x00, 0x00, 0x33, 0x10, 0x00, 0x00, 0x00,
    0x00, 0x00, 0x00, 0x00, 0x1b, 0xff, 0x80, 0x00, 0x00, 0x00, 0x00, 0x00,
    0x00, 0x02, 0xcf, 0xff, 0x80, 0x00, 0x00, 0x00, 0x00, 0x00, 0x00, 0x2d,
    0xff, 0xff, 0x80, 0x00, 0x00, 0x00, 0x00, 0x00, 0x03, 0xef, 0xf8, 0xcf,
    0x80, 0x00, 0x00, 0x00, 0x00, 0x00, 0x5e, 0xff, 0x60, 0xcf, 0x80, 0x00,
    0x00, 0x00, 0x00, 0x06, 0xff, 0xe4, 0x00, 0xcf, 0x80, 0x00, 0x00, 0x00,
    0x00, 0x7f, 0xfd, 0x30, 0x00, 0xcf, 0x80, 0x00, 0x00, 0x00, 0x09, 0xff,
    0xc2, 0x00, 0x00, 0xcf, 0x80, 0x00, 0x00, 0x00, 0xaf, 0xfb, 0x10, 0x00,
    0x00, 0xcf, 0x80, 0x00, 0x00, 0x1b, 0xff, 0x90, 0x00, 0x00, 0x00, 0xcf,
    0x80, 0x00, 0x01, 0xcf, 0xf7, 0x00, 0x00, 0x00, 0x00, 0xcf, 0x80, 0x00,
    0x2d, 0xfe, 0x50, 0x00, 0x00, 0x00, 0x00, 0xcf, 0x80, 0x00, 0xcf, 0xfb,
    0x88, 0x88, 0x88, 0x88, 0x88, 0xdf, 0xb8, 0x85, 0xcf, 0xff, 0xff, 0xff,
    0xff, 0xff, 0xff, 0xff, 0xff, 0xfa, 0xac, 0xcc, 0xcc, 0xcc, 0xcc, 0xcc,
    0xcc, 0xef, 0xec, 0xc8, 0x00, 0x00, 0x00, 0x00, 0x00, 0x00, 0x00, 0xcf,
    0x80, 0x00, 0x00, 0x00, 0x00, 0x00, 0x00, 0x00, 0x00, 0xcf, 0x80, 0x00,
    0x00, 0x00, 0x00, 0x00, 0x00, 0x00, 0x00, 0xcf, 0x80, 0x00, 0x00, 0x00,
    0x00, 0x00, 0x00, 0x00, 0x00, 0xcf, 0x80, 0x00, 0x00, 0x00, 0x00, 0x00,
    0x00, 0x00, 0x00, 0xcf, 0x80, 0x00,

    /* U+0035 "5" */
    0x13, 0x33, 0x33, 0x33, 0x33, 0x33, 0x33, 0x33, 0x33, 0x33, 0x36, 0xff,
    0xff, 0xff, 0xff, 0xff, 0xff, 0xff, 0xff, 0xff, 0xfe, 0x6f, 0xff, 0xff,
    0xff, 0xff, 0xff, 0xff, 0xff, 0xff, 0xff, 0xe6, 0xff, 0x52, 0x22, 0x22,
    0x22, 0x22, 0x22, 0x22, 0x22, 0x22, 0x6f, 0xd0, 0x00, 0x00, 0x00, 0x00,
    0x00, 0x00, 0x00, 0x00, 0x06, 0xfd, 0x00, 0x00, 0x00, 0x00, 0x00, 0x00,
    0x00, 0x00, 0x00, 0x6f, 0xd0, 0x00, 0x00, 0x00, 0x00, 0x00, 0x00, 0x00,
    0x00, 0x06, 0xfd, 0x00, 0x00, 0x00, 0x00, 0x00, 0x00, 0x00, 0x00, 0x00,
    0x6f, 0xe0, 0x00, 0x00, 0x00, 0x00, 0x00, 0x00, 0x00, 0x00, 0x06, 0xff,
    0xb8, 0x88, 0x88, 0x88, 0x88, 0x88, 0x88, 0x85, 0x10, 0x6f, 0xff, 0xff,
    0xff, 0xff, 0xff, 0xff, 0xff, 0xff, 0xfd, 0x15, 0xcc, 0xcc, 0xcc, 0xcc,
    0xcc, 0xcc, 0xcc, 0xcc, 0xcf, 0xfa, 0x00, 0x00, 0x00, 0x00, 0x00, 0x00,
    0x00, 0x00, 0x00, 0x7f, 0xe0, 0x00, 0x00, 0x00, 0x00, 0x00, 0x00, 0x00,
    0x00, 0x05, 0xfe, 0x00, 0x00, 0x00, 0x00, 0x00, 0x00, 0x00, 0x00, 0x00,
    0x5f, 0xe0, 0x00, 0x00, 0x00, 0x00, 0x00, 0x00, 0x00, 0x00, 0x05, 0xfe,
    0x13, 0x30, 0x00, 0x00, 0x00, 0x00, 0x00, 0x00, 0x00, 0x5f, 0xe6, 0xfe,
    0x00, 0x00, 0x00, 0x00, 0x00, 0x00, 0x00, 0x05, 0xfe, 0x4f, 0xf7, 0x44,
    0x44, 0x44, 0x44, 0x44, 0x44, 0x45, 0xcf, 0xc0, 0xcf, 0xff, 0xff, 0xff,
    0xff, 0xff, 0xff, 0xff, 0xff, 0xf5, 0x01, 0xae, 0xff, 0xff, 0xff, 0xff,
    0xff, 0xff, 0xff, 0xd5, 0x00,

    /* U+0036 "6" */
    0x00, 0x02, 0x33, 0x33, 0x33, 0x33, 0x33, 0x33, 0x31, 0x00, 0x00, 0x2c,
    0xff, 0xff, 0xff, 0xff, 0xff, 0xff, 0xff, 0x60, 0x00, 0x0d, 0xff, 0xff,
    0xff, 0xff, 0xff, 0xff, 0xff, 0xf6, 0x00, 0x05, 0xff, 0x52, 0x22, 0x22,
    0x22, 0x22, 0x22, 0x22, 0x10, 0x00, 0x6f, 0xd0, 0x00, 0x00, 0x00, 0x00,
    0x00, 0x00, 0x00, 0x00, 0x06, 0xfd, 0x00, 0x00, 0x00, 0x00, 0x00, 0x00,
    0x00, 0x00, 0x00, 0x6f, 0xd0, 0x00, 0x00, 0x00, 0x00, 0x00, 0x00, 0x00,
    0x00, 0x06, 0xfd, 0x00, 0x00, 0x00, 0x00, 0x00, 0x00, 0x00, 0x00, 0x00,
    0x6f, 0xe0, 0x00, 0x00, 0x00, 0x00, 0x00, 0x00, 0x00, 0x00, 0x06, 0xff,
    0xc9, 0x99, 0x99, 0x99, 0x99, 0x99, 0x99, 0x97, 0x10, 0x6f, 0xff, 0xff,
    0xff, 0xff, 0xff, 0xff, 0xff, 0xff, 0xfd, 0x26, 0xfe, 0xaa, 0xaa, 0xaa,
    0xaa, 0xaa, 0xaa, 0xaa, 0xae, 0xfa, 0x6f, 0xd0, 0x00, 0x00, 0x00, 0x00,
    0x00, 0x00, 0x00, 0x6f, 0xe6, 0xfd, 0x00, 0x00, 0x00, 0x00, 0x00, 0x00,
    0x00, 0x05, 0xfe, 0x6f, 0xd0, 0x00, 0x00, 0x00, 0x00, 0x00, 0x00, 0x00,
    0x5f, 0xe6, 0xfd, 0x00, 0x00, 0x00, 0x00, 0x00, 0x00, 0x00, 0x05, 0xfe,
    0x6f, 0xd0, 0x00, 0x00, 0x00, 0x00, 0x00, 0x00, 0x00, 0x5f, 0xe6, 0xfe,
    0x00, 0x00, 0x00, 0x00, 0x00, 0x00, 0x00, 0x05, 0xfe, 0x4f, 0xf7, 0x44,
    0x44, 0x44, 0x44, 0x44, 0x44, 0x45, 0xcf, 0xc0, 0xcf, 0xff, 0xff, 0xff,
    0xff, 0xff, 0xff, 0xff, 0xff, 0xf5, 0x01, 0xae, 0xff, 0xff, 0xff, 0xff,
    0xff, 0xff, 0xff, 0xd5, 0x00,

    /* U+0037 "7" */
    0x33, 0x33, 0x33, 0x33, 0x33, 0x33, 0x33, 0x10, 0x0e, 0xff, 0xff, 0xff,
    0xff, 0xff, 0xff, 0xfe, 0x70, 0xef, 0xff, 0xff, 0xff, 0xff, 0xff, 0xff,
    0xff, 0x62, 0x22, 0x22, 0x22, 0x22, 0x22, 0x22, 0x2b, 0xfc, 0x00, 0x00,
    0x00, 0x00, 0x00, 0x00, 0x00, 0x6f, 0xe0, 0x00, 0x00, 0x00, 0x00, 0x00,
    0x00, 0x06, 0xfe, 0x00, 0x00, 0x00, 0x00, 0x00, 0x00, 0x00, 0x6f, 0xe0,
    0x00, 0x00, 0x00, 0x00, 0x00, 0x00, 0x06, 0xfe, 0x00, 0x00, 0x00, 0x00,
    0x00, 0x00, 0x00, 0x6f, 0xe0, 0x00, 0x00, 0x00, 0x00, 0x00, 0x00, 0x06,
    0xfe, 0x00, 0x00, 0x00, 0x00, 0x00, 0x00, 0x00, 0x6f, 0xe0, 0x00, 0x00,
    0x00, 0x00, 0x00, 0x00, 0x06, 0xfe, 0x00, 0x00, 0x00, 0x00, 0x00, 0x00,
    0x00, 0x6f, 0xe0, 0x00, 0x00, 0x00, 0x00, 0x00, 0x00, 0x06, 0xfe, 0x00,
    0x00, 0x00, 0x00, 0x00, 0x00, 0x00, 0x6f, 0xe0, 0x00, 0x00, 0x00, 0x00,
    0x00, 0x00, 0x06, 0xfe, 0x00, 0x00, 0x00, 0x00, 0x00, 0x00, 0x00, 0x6f,
    0xe0, 0x00, 0x00, 0x00, 0x00, 0x00, 0x00, 0x06, 0xfe, 0x00, 0x00, 0x00,
    0x00, 0x00, 0x00, 0x00, 0x6f, 0xe0, 0x00, 0x00, 0x00, 0x00, 0x00, 0x00,
    0x06, 0xfe, 0x00, 0x00, 0x00, 0x00, 0x00, 0x00, 0x00, 0x6f, 0xe0,

    /* U+0038 "8" */
    0x00, 0x02, 0x33, 0x33, 0x33, 0x33, 0x33, 0x33, 0x33, 0x10, 0x00, 0x2c,
    0xff, 0xff, 0xff, 0xff, 0xff, 0xff, 0xff, 0xfe, 0x60, 0x0d, 0xff, 0xff,
    0xff, 0xff, 0xff, 0xff, 0xff, 0xff, 0xff, 0x55, 0xff, 0x52, 0x22, 0x22,
    0x22, 0x22, 0x22, 0x22, 0x3b, 0xfd, 0x6f, 0xd0, 0x00, 0x00, 0x00, 0x00,
    0x00, 0x00, 0x00, 0x5f, 0xe6, 0xfd, 0x00, 0x00, 0x00, 0x00, 0x00, 0x00,
    0x00, 0x05, 0xfe, 0x6f, 0xd0, 0x00, 0x00, 0x00, 0x00, 0x00, 0x00, 0x00,
    0x5f, 0xe6, 0xfd, 0x00, 0x00, 0x00, 0x00, 0x00, 0x00, 0x00, 0x05, 0xfe,
    0x5f, 0xe0, 0x00, 0x00, 0x00, 0x00, 0x00, 0x00, 0x00, 0x5f, 0xe2, 0xff,
    0x64, 0x44, 0x44, 0x44, 0x44, 0x44, 0x44, 0x4b, 0xfa, 0x0b, 0xff, 0xff,
    0xff, 0xff, 0xff, 0xff, 0xff, 0xff, 0xff, 0x41, 0xef, 0xdc, 0xcc, 0xcc,
    0xcc, 0xcc, 0xcc, 0xcc, 0xcf, 0xf9, 0x5f, 0xe1, 0x00, 0x00, 0x00, 0x00,
    0x00, 0x00, 0x00, 0x7f, 0xd6, 0xfd, 0x00, 0x00, 0x00, 0x00, 0x00, 0x00,
    0x00, 0x05, 0xfe, 0x6f, 0xd0, 0x00, 0x00, 0x00, 0x00, 0x00, 0x00, 0x00,
    0x5f, 0xe6, 0xfd, 0x00, 0x00, 0x00, 0x00, 0x00, 0x00, 0x00, 0x05, 0xfe,
    0x6f, 0xd0, 0x00, 0x00, 0x00, 0x00, 0x00, 0x00, 0x00, 0x5f, 0xe6, 0xfe,
    0x00, 0x00, 0x00, 0x00, 0x00, 0x00, 0x00, 0x05, 0xfe, 0x4f, 0xf7, 0x44,
    0x44, 0x44, 0x44, 0x44, 0x44, 0x45, 0xcf, 0xc0, 0xcf, 0xff, 0xff, 0xff,
    0xff, 0xff, 0xff, 0xff, 0xff, 0xf5, 0x01, 0xae, 0xff, 0xff, 0xff, 0xff,
    0xff, 0xff, 0xff, 0xd5, 0x00,

    /* U+0039 "9" */
    0x00, 0x02, 0x33, 0x33, 0x33, 0x33, 0x33, 0x33, 0x32, 0x00, 0x00, 0x4d,
    0xff, 0xff, 0xff, 0xff, 0xff, 0xff, 0xff, 0xfe, 0x60, 0x2e, 0xff, 0xff,
    0xff, 0xff, 0xff, 0xff, 0xff, 0xff, 0xff, 0x47, 0xfe, 0x42, 0x22, 0x22,
    0x22, 0x22, 0x22, 0x22, 0x3c, 0xfb, 0x9f, 0xb0, 0x00, 0x00, 0x00, 0x00,
    0x00, 0x00, 0x00, 0x7f, 0xc9, 0xfb, 0x00, 0x00, 0x00, 0x00, 0x00, 0x00,
    0x00, 0x07, 0xfc, 0x9f, 0xb0, 0x00, 0x00, 0x00, 0x00, 0x00, 0x00, 0x00,
    0x7f, 0xc9, 0xfb, 0x00, 0x00, 0x00, 0x00, 0x00, 0x00, 0x00, 0x07, 0xfc,
    0x9f, 0xb0, 0x00, 0x00, 0x00, 0x00, 0x00, 0x00, 0x00, 0x7f, 0xc8, 0xfd,
    0x00, 0x00, 0x00, 0x00, 0x00, 0x00, 0x00, 0x07, 0xfc, 0x3f, 0xfe, 0xdd,
    0xdd, 0xdd, 0xdd, 0xdd, 0xdd, 0xdd, 0xef, 0xc0, 0x7f, 0xff, 0xff, 0xff,
    0xff, 0xff, 0xff, 0xff, 0xff, 0xfc, 0x00, 0x26, 0x77, 0x77, 0x77, 0x77,
    0x77, 0x77, 0x77, 0xef, 0xc0, 0x00, 0x00, 0x00, 0x00, 0x00, 0x00, 0x00,
    0x00, 0x08, 0xfc, 0x00, 0x00, 0x00, 0x00, 0x00, 0x00, 0x00, 0x00, 0x00,
    0x7f, 0xc0, 0x00, 0x00, 0x00, 0x00, 0x00, 0x00, 0x00, 0x00, 0x07, 0xfc,
    0x00, 0x00, 0x00, 0x00, 0x00, 0x00, 0x00, 0x00, 0x00, 0x7f, 0xc0, 0x00,
    0x00, 0x00, 0x00, 0x00, 0x00, 0x00, 0x00, 0x07, 0xfc, 0x14, 0x44, 0x44,
    0x44, 0x44, 0x44, 0x44, 0x44, 0x45, 0xdf, 0xa1, 0xdf, 0xff, 0xff, 0xff,
    0xff, 0xff, 0xff, 0xff, 0xff, 0xf3, 0x02, 0xae, 0xff, 0xff, 0xff, 0xff,
    0xff, 0xff, 0xff, 0xc4, 0x00,

    /* U+003A ":" */
    0x37, 0x67, 0xfc, 0x6c, 0xa0, 0x00, 0x00, 0x00, 0x00, 0x00, 0x00, 0x00,
    0x00, 0x00, 0x00, 0x00, 0x00, 0x00, 0x00, 0x00, 0x00, 0x24, 0x47, 0xfc,
    0x7f, 0xc0,

    /* U+003B ";" */
    0x47, 0x59, 0xfb, 0x7c, 0x90, 0x00, 0x00, 0x00, 0x00, 0x00, 0x00, 0x00,
    0x00, 0x00, 0x00, 0x00, 0x00, 0x00, 0x00, 0x00, 0x00, 0x34, 0x39, 0xfb,
    0x9f, 0xb9, 0xfb, 0x9f, 0x89, 0xd1, 0x41, 0x00,

    /* U+003C "<" */
    0x00, 0x00, 0x00, 0x00, 0x00, 0x00, 0x00, 0x00, 0x00, 0x00, 0x01, 0x96,
    0x00, 0x00, 0x00, 0x00, 0x7e, 0xf6, 0x00, 0x00, 0x00, 0x5d, 0xff, 0xe4,
    0x00, 0x00, 0x3b, 0xff, 0xf9, 0x10, 0x00, 0x19, 0xff, 0xfc, 0x30, 0x00,
    0x07, 0xef, 0xfd, 0x60, 0x00, 0x00, 0xbf, 0xff, 0x81, 0x00, 0x00, 0x00,
    0xdf, 0xc2, 0x00, 0x00, 0x00, 0x00, 0xdf, 0xfa, 0x20, 0x00, 0x00, 0x00,
    0x4c, 0xff, 0xf8, 0x10, 0x00, 0x00, 0x00, 0x6e, 0xff, 0xd5, 0x00, 0x00,
    0x00, 0x01, 0x9f, 0xff, 0xc3, 0x00, 0x00, 0x00, 0x03, 0xbf, 0xff, 0x91,
    0x00, 0x00, 0x00, 0x05, 0xdf, 0xf6, 0x00, 0x00, 0x00, 0x00, 0x07, 0xe6,
    0x00, 0x00, 0x00, 0x00, 0x00, 0x13,

    /* U+003D "=" */
    0x12, 0x22, 0x22, 0x22, 0x22, 0x22, 0x22, 0x20, 0x5f, 0xff, 0xff, 0xff,
    0xff, 0xff, 0xff, 0xf2, 0x5f, 0xff, 0xff, 0xff, 0xff, 0xff, 0xff, 0xf2,
    0x13, 0x33, 0x33, 0x33, 0x33, 0x33, 0x33, 0x30, 0x00, 0x00, 0x00, 0x00,
    0x00, 0x00, 0x00, 0x00, 0x00, 0x00, 0x00, 0x00, 0x00, 0x00, 0x00, 0x00,
    0x38, 0x88, 0x88, 0x88, 0x88, 0x88, 0x88, 0x81, 0x5f, 0xff, 0xff, 0xff,
    0xff, 0xff, 0xff, 0xf2, 0x4c, 0xcc, 0xcc, 0xcc, 0xcc, 0xcc, 0xcc, 0xc1,

    /* U+003E ">" */
    0x00, 0x00, 0x00, 0x00, 0x00, 0x00, 0x59, 0x10, 0x00, 0x00, 0x00, 0x00,
    0x5f, 0xe7, 0x00, 0x00, 0x00, 0x00, 0x4e, 0xff, 0xd4, 0x00, 0x00, 0x00,
    0x02, 0xaf, 0xff, 0xb2, 0x00, 0x00, 0x00, 0x04, 0xcf, 0xff, 0x81, 0x00,
    0x00, 0x00, 0x06, 0xef, 0xfe, 0x60, 0x00, 0x00, 0x00, 0x18, 0xff, 0xfc,
    0x00, 0x00, 0x00, 0x00, 0x2c, 0xfe, 0x00, 0x00, 0x00, 0x01, 0x9f, 0xfe,
    0x00, 0x00, 0x00, 0x6e, 0xff, 0xd5, 0x00, 0x00, 0x4d, 0xff, 0xe8, 0x10,
    0x00, 0x2a, 0xff, 0xfa, 0x20, 0x00, 0x18, 0xff, 0xfc, 0x40, 0x00, 0x00,
    0x5f, 0xfe, 0x60, 0x00, 0x00, 0x00, 0x5f, 0x81, 0x00, 0x00, 0x00, 0x00,
    0x32, 0x00, 0x00, 0x00, 0x00, 0x00,

    /* U+003F "?" */
    0x02, 0x22, 0x22, 0x22, 0x22, 0x22, 0x22, 0x21, 0x00, 0x02, 0xff, 0xff,
    0xff, 0xff, 0xff, 0xff, 0xff, 0xfd, 0x40, 0x2f, 0xff, 0xff, 0xff, 0xff,
    0xff, 0xff, 0xff, 0xff, 0x30, 0x33, 0x33, 0x33, 0x33, 0x33, 0x33, 0x33,
    0x4d, 0xf9, 0x00, 0x00, 0x00, 0x00, 0x00, 0x00, 0x00, 0x00, 0x9f, 0xb0,
    0x00, 0x00, 0x00, 0x00, 0x00, 0x00, 0x00, 0x08, 0xfb, 0x00, 0x00, 0x00,
    0x00, 0x00, 0x00, 0x00, 0x00, 0x8f, 0xb0, 0x00, 0x00, 0x00, 0x00, 0x00,
    0x00, 0x00, 0x08, 0xfb, 0x00, 0x00, 0x00, 0x00, 0x00, 0x00, 0x00, 0x00,
    0x8f, 0xb0, 0x00, 0x00, 0x00, 0x00, 0x00, 0x00, 0x00, 0x09, 0xfb, 0x00,
    0x00, 0x00, 0x02, 0x33, 0x33, 0x33, 0x34, 0xdf, 0x90, 0x00, 0x00, 0x6e,
    0xff, 0xff, 0xff, 0xff, 0xff, 0xf3, 0x00, 0x00, 0x4f, 0xff, 0xff, 0xff,
    0xff, 0xff, 0xd4, 0x00, 0x00, 0x09, 0xfd, 0x32, 0x22, 0x22, 0x22, 0x10,
    0x00, 0x00, 0x00, 0xbf, 0x90, 0x00, 0x00, 0x00, 0x00, 0x00, 0x00, 0x00,
    0x04, 0x63, 0x00, 0x00, 0x00, 0x00, 0x00, 0x00, 0x00, 0x00, 0x00, 0x00,
    0x00, 0x00, 0x00, 0x00, 0x00, 0x00, 0x00, 0x00, 0x00, 0x00, 0x00, 0x00,
    0x00, 0x00, 0x00, 0x00, 0x00, 0x34, 0x30, 0x00, 0x00, 0x00, 0x00, 0x00,
    0x00, 0x00, 0x0b, 0xf9, 0x00, 0x00, 0x00, 0x00, 0x00, 0x00, 0x00, 0x00,
    0xbf, 0x90, 0x00, 0x00, 0x00, 0x00, 0x00, 0x00,

    /* U+0040 "@" */
    0x00, 0x02, 0x22, 0x22, 0x22, 0x22, 0x22, 0x22, 0x22, 0x00, 0x00, 0x3c,
    0xff, 0xff, 0xff, 0xff, 0xff, 0xff, 0xff, 0xfe, 0x60, 0x1e, 0xff, 0xff,
    0xff, 0xff, 0xff, 0xff, 0xff, 0xff, 0xff, 0x56, 0xff, 0x42, 0x22, 0x22,
    0x22, 0x22, 0x22, 0x22, 0x3b, 0xfb, 0x7f, 0xc0, 0x00, 0x00, 0x00, 0x00,
    0x00, 0x00, 0x00, 0x6f, 0xd7, 0xfc, 0x00, 0x00, 0x00, 0x00, 0x00, 0x00,
    0x00, 0x06, 0xfd, 0x7f, 0xc0, 0x00, 0x01, 0x68, 0x88, 0x72, 0x00, 0x00,
    0x6f, 0xd7, 0xfc, 0x00, 0x02, 0xdf, 0xff, 0xff, 0xf6, 0x00, 0x06, 0xfd,
    0x7f, 0xc0, 0x00, 0xbe, 0x43, 0x33, 0x3a, 0xf2, 0x00, 0x6f, 0xd7, 0xfc,
    0x00, 0x0f, 0xa0, 0x00, 0x00, 0x5f, 0x50, 0x06, 0xfd, 0x7f, 0xc0, 0x00,
    0xfa, 0x00, 0x00, 0x04, 0xf6, 0x00, 0x6f, 0xd7, 0xfc, 0x00, 0x0f, 0xa0,
    0x00, 0x00, 0x4f, 0x60, 0x06, 0xfd, 0x7f, 0xc0, 0x00, 0xfa, 0x00, 0x00,
    0x04, 0xf6, 0x00, 0x6f, 0xd7, 0xfc, 0x00, 0x0b, 0xe3, 0x22, 0x22, 0x6f,
    0x72, 0x27, 0xfd, 0x7f, 0xc0, 0x00, 0x3e, 0xff, 0xff, 0xff, 0xff, 0xff,
    0xff, 0xd7, 0xfc, 0x00, 0x00, 0x27, 0x99, 0x99, 0x99, 0x99, 0x99, 0x98,
    0x7f, 0xc0, 0x00, 0x00, 0x00, 0x00, 0x00, 0x00, 0x00, 0x00, 0x07, 0xfc,
    0x00, 0x00, 0x00, 0x00, 0x00, 0x00, 0x00, 0x00, 0x00, 0x5f, 0xf7, 0x44,
    0x44, 0x44, 0x44, 0x44, 0x44, 0x44, 0x44, 0x41, 0xdf, 0xff, 0xff, 0xff,
    0xff, 0xff, 0xff, 0xff, 0xff, 0xfd, 0x02, 0xae, 0xff, 0xff, 0xff, 0xff,
    0xff, 0xff, 0xff, 0xff, 0xd0,

    /* U+0041 "A" */
    0x00, 0x01, 0x22, 0x22, 0x22, 0x22, 0x22, 0x22, 0x22, 0x00, 0x00, 0x2c,
    0xff, 0xff, 0xff, 0xff, 0xff, 0xff, 0xff, 0xfe, 0x60, 0x0d, 0xff, 0xff,
    0xff, 0xff, 0xff, 0xff, 0xff, 0xff, 0xff, 0x44, 0xff, 0x42, 0x22, 0x22,
    0x22, 0x22, 0x22, 0x22, 0x2c, 0xfa, 0x6f, 0xd0, 0x00, 0x00, 0x00, 0x00,
    0x00, 0x00, 0x00, 0x7f, 0xc6, 0xfd, 0x00, 0x00, 0x00, 0x00, 0x00, 0x00,
    0x00, 0x07, 0xfc, 0x6f, 0xd0, 0x00, 0x00, 0x00, 0x00, 0x00, 0x00, 0x00,
    0x7f, 0xc6, 0xfd, 0x00, 0x00, 0x00, 0x00, 0x00, 0x00, 0x00, 0x07, 0xfc,
    0x6f, 0xd0, 0x00, 0x00, 0x00, 0x00, 0x00, 0x00, 0x00, 0x7f, 0xc6, 0xfd,
    0x00, 0x00, 0x00, 0x00, 0x00, 0x00, 0x00, 0x07, 0xfc, 0x6f, 0xd0, 0x00,
    0x00, 0x00, 0x00, 0x00, 0x00, 0x00, 0x7f, 0xc6, 0xfe, 0x99, 0x99, 0x99,
    0x99, 0x99, 0x99, 0x99, 0x9c, 0xfc, 0x6f, 0xff, 0xff, 0xff, 0xff, 0xff,
    0xff, 0xff, 0xff, 0xff, 0xc6, 0xfe, 0xaa, 0xaa, 0xaa, 0xaa, 0xaa, 0xaa,
    0xaa, 0xac, 0xfc, 0x6f, 0xd0, 0x00, 0x00, 0x00, 0x00, 0x00, 0x00, 0x00,
    0x7f, 0xc6, 0xfd, 0x00, 0x00, 0x00, 0x00, 0x00, 0x00, 0x00, 0x07, 0xfc,
    0x6f, 0xd0, 0x00, 0x00, 0x00, 0x00, 0x00, 0x00, 0x00, 0x7f, 0xc6, 0xfd,
    0x00, 0x00, 0x00, 0x00, 0x00, 0x00, 0x00, 0x07, 0xfc, 0x6f, 0xd0, 0x00,
    0x00, 0x00, 0x00, 0x00, 0x00, 0x00, 0x7f, 0xc6, 0xfd, 0x00, 0x00, 0x00,
    0x00, 0x00, 0x00, 0x00, 0x07, 0xfc, 0x6f, 0xd0, 0x00, 0x00, 0x00, 0x00,
    0x00, 0x00, 0x00, 0x7f, 0xc0,

    /* U+0042 "B" */
    0x12, 0x22, 0x22, 0x22, 0x22, 0x22, 0x22, 0x22, 0x21, 0x00, 0x05, 0xff,
    0xff, 0xff, 0xff, 0xff, 0xff, 0xff, 0xff, 0xe8, 0x00, 0x5f, 0xff, 0xff,
    0xff, 0xff, 0xff, 0xff, 0xff, 0xff, 0xf7, 0x05, 0xff, 0x52, 0x22, 0x22,
    0x22, 0x22, 0x22, 0x22, 0xaf, 0xc0, 0x5f, 0xe0, 0x00, 0x00, 0x00, 0x00,
    0x00, 0x00, 0x05, 0xfe, 0x05, 0xfe, 0x00, 0x00, 0x00, 0x00, 0x00, 0x00,
    0x00, 0x5f, 0xe0, 0x5f, 0xe0, 0x00, 0x00, 0x00, 0x00, 0x00, 0x00, 0x05,
    0xfe, 0x05, 0xfe, 0x00, 0x00, 0x00, 0x00, 0x00, 0x00, 0x00, 0x5f, 0xe0,
    0x5f, 0xe0, 0x00, 0x00, 0x00, 0x00, 0x00, 0x00, 0x06, 0xfe, 0x05, 0xff,
    0x96, 0x66, 0x66, 0x66, 0x66, 0x66, 0x67, 0xdf, 0xb0, 0x5f, 0xff, 0xff,
    0xff, 0xff, 0xff, 0xff, 0xff, 0xff, 0xfd, 0x15, 0xff, 0xed, 0xdd, 0xdd,
    0xdd, 0xdd, 0xdd, 0xdd, 0xdf, 0xf7, 0x5f, 0xf2, 0x00, 0x00, 0x00, 0x00,
    0x00, 0x00, 0x00, 0x9f, 0xb5, 0xfe, 0x00, 0x00, 0x00, 0x00, 0x00, 0x00,
    0x00, 0x07, 0xfc, 0x5f, 0xe0, 0x00, 0x00, 0x00, 0x00, 0x00, 0x00, 0x00,
    0x7f, 0xc5, 0xfe, 0x00, 0x00, 0x00, 0x00, 0x00, 0x00, 0x00, 0x07, 0xfc,
    0x5f, 0xe0, 0x00, 0x00, 0x00, 0x00, 0x00, 0x00, 0x00, 0x7f, 0xc5, 0xfe,
    0x00, 0x00, 0x00, 0x00, 0x00, 0x00, 0x00, 0x07, 0xfc, 0x5f, 0xf7, 0x44,
    0x44, 0x44, 0x44, 0x44, 0x44, 0x44, 0xcf, 0xa5, 0xff, 0xff, 0xff, 0xff,
    0xff, 0xff, 0xff, 0xff, 0xff, 0xf3, 0x5f, 0xff, 0xff, 0xff, 0xff, 0xff,
    0xff, 0xff, 0xff, 0xc4, 0x00,

    /* U+0043 "C" */
    0x00, 0x01, 0x22, 0x22, 0x22, 0x22, 0x22, 0x22, 0x22, 0x22, 0x20, 0x3c,
    0xff, 0xff, 0xff, 0xff, 0xff, 0xff, 0xff, 0xff, 0xfa, 0x1d, 0xff, 0xff,
    0xff, 0xff, 0xff, 0xff, 0xff, 0xff, 0xff, 0xa5, 0xff, 0x42, 0x22, 0x22,
    0x22, 0x22, 0x22, 0x22, 0x22, 0x21, 0x7f, 0xd0, 0x00, 0x00, 0x00, 0x00,
    0x00, 0x00, 0x00, 0x00, 0x07, 0xfd, 0x00, 0x00, 0x00, 0x00, 0x00, 0x00,
    0x00, 0x00, 0x00, 0x7f, 0xd0, 0x00, 0x00, 0x00, 0x00, 0x00, 0x00, 0x00,
    0x00, 0x07, 0xfd, 0x00, 0x00, 0x00, 0x00, 0x00, 0x00, 0x00, 0x00, 0x00,
    0x7f, 0xd0, 0x00, 0x00, 0x00, 0x00, 0x00, 0x00, 0x00, 0x00, 0x07, 0xfd,
    0x00, 0x00, 0x00, 0x00, 0x00, 0x00, 0x00, 0x00, 0x00, 0x7f, 0xd0, 0x00,
    0x00, 0x00, 0x00, 0x00, 0x00, 0x00, 0x00, 0x07, 0xfd, 0x00, 0x00, 0x00,
    0x00, 0x00, 0x00, 0x00, 0x00, 0x00, 0x7f, 0xd0, 0x00, 0x00, 0x00, 0x00,
    0x00, 0x00, 0x00, 0x00, 0x07, 0xfd, 0x00, 0x00, 0x00, 0x00, 0x00, 0x00,
    0x00, 0x00, 0x00, 0x7f, 0xd0, 0x00, 0x00, 0x00, 0x00, 0x00, 0x00, 0x00,
    0x00, 0x07, 0xfd, 0x00, 0x00, 0x00, 0x00, 0x00, 0x00, 0x00, 0x00, 0x00,
    0x7f, 0xd0, 0x00, 0x00, 0x00, 0x00, 0x00, 0x00, 0x00, 0x00, 0x06, 0xfd,
    0x00, 0x00, 0x00, 0x00, 0x00, 0x00, 0x00, 0x00, 0x00, 0x4f, 0xf6, 0x44,
    0x44, 0x44, 0x44, 0x44, 0x44, 0x44, 0x44, 0x30, 0xcf, 0xff, 0xff, 0xff,
    0xff, 0xff, 0xff, 0xff, 0xff, 0xfa, 0x01, 0xae, 0xff, 0xff, 0xff, 0xff,
    0xff, 0xff, 0xff, 0xff, 0xa0,

    /* U+0044 "D" */
    0x12, 0x22, 0x22, 0x22, 0x22, 0x22, 0x22, 0x22, 0x22, 0x00, 0x06, 0xff,
    0xff, 0xff, 0xff, 0xff, 0xff, 0xff, 0xff, 0xfe, 0x60, 0x6f, 0xff, 0xff,
    0xff, 0xff, 0xff, 0xff, 0xff, 0xff, 0xff, 0x46, 0xff, 0x42, 0x22, 0x22,
    0x22, 0x22, 0x22, 0x22, 0x2c, 0xfa, 0x6f, 0xd0, 0x00, 0x00, 0x00, 0x00,
    0x00, 0x00, 0x00, 0x7f, 0xc6, 0xfd, 0x00, 0x00, 0x00, 0x00, 0x00, 0x00,
    0x00, 0x07, 0xfc, 0x6f, 0xd0, 0x00, 0x00, 0x00, 0x00, 0x00, 0x00, 0x00,
    0x7f, 0xc6, 0xfd, 0x00, 0x00, 0x00, 0x00, 0x00, 0x00, 0x00, 0x07, 0xfc,
    0x6f, 0xd0, 0x00, 0x00, 0x00, 0x00, 0x00, 0x00, 0x00, 0x7f, 0xc6, 0xfd,
    0x00, 0x00, 0x00, 0x00, 0x00, 0x00, 0x00, 0x07, 0xfc, 0x6f, 0xd0, 0x00,
    0x00, 0x00, 0x00, 0x00, 0x00, 0x00, 0x7f, 0xc6, 0xfd, 0x00, 0x00, 0x00,
    0x00, 0x00, 0x00, 0x00, 0x07, 0xfc, 0x6f, 0xd0, 0x00, 0x00, 0x00, 0x00,
    0x00, 0x00, 0x00, 0x7f, 0xc6, 0xfd, 0x00, 0x00, 0x00, 0x00, 0x00, 0x00,
    0x00, 0x07, 0xfc, 0x6f, 0xd0, 0x00, 0x00, 0x00, 0x00, 0x00, 0x00, 0x00,
    0x7f, 0xc6, 0xfd, 0x00, 0x00, 0x00, 0x00, 0x00, 0x00, 0x00, 0x07, 0xfc,
    0x6f, 0xd0, 0x00, 0x00, 0x00, 0x00, 0x00, 0x00, 0x00, 0x7f, 0xc6, 0xfe,
    0x00, 0x00, 0x00, 0x00, 0x00, 0x00, 0x00, 0x07, 0xfc, 0x6f, 0xf7, 0x44,
    0x44, 0x44, 0x44, 0x44, 0x44, 0x45, 0xdf, 0xa6, 0xff, 0xff, 0xff, 0xff,
    0xff, 0xff, 0xff, 0xff, 0xff, 0xf3, 0x6f, 0xff, 0xff, 0xff, 0xff, 0xff,
    0xff, 0xff, 0xff, 0xc4, 0x00,

    /* U+0045 "E" */
    0x12, 0x22, 0x22, 0x22, 0x22, 0x22, 0x22, 0x22, 0x22, 0x20, 0x6f, 0xff,
    0xff, 0xff, 0xff, 0xff, 0xff, 0xff, 0xff, 0xf0, 0x6f, 0xff, 0xff, 0xff,
    0xff, 0xff, 0xff, 0xff, 0xff, 0xf0, 0x6f, 0xe2, 0x22, 0x22, 0x22, 0x22,
    0x22, 0x22, 0x22, 0x20, 0x6f, 0xd0, 0x00, 0x00, 0x00, 0x00, 0x00, 0x00,
    0x00, 0x00, 0x6f, 0xd0, 0x00, 0x00, 0x00, 0x00, 0x00, 0x00, 0x00, 0x00,
    0x6f, 0xd0, 0x00, 0x00, 0x00, 0x00, 0x00, 0x00, 0x00, 0x00, 0x6f, 0xd0,
    0x00, 0x00, 0x00, 0x00, 0x00, 0x00, 0x00, 0x00, 0x6f, 0xd0, 0x00, 0x00,
    0x00, 0x00, 0x00, 0x00, 0x00, 0x00, 0x6f, 0xe4, 0x44, 0x44, 0x44, 0x44,
    0x44, 0x43, 0x00, 0x00, 0x6f, 0xff, 0xff, 0xff, 0xff, 0xff, 0xff, 0xfd,
    0x00, 0x00, 0x6f, 0xff, 0xff, 0xff, 0xff, 0xff, 0xff, 0xfd, 0x00, 0x00,
    0x6f, 0xd1, 0x11, 0x11, 0x11, 0x11, 0x11, 0x11, 0x00, 0x00, 0x6f, 0xd0,
    0x00, 0x00, 0x00, 0x00, 0x00, 0x00, 0x00, 0x00, 0x6f, 0xd0, 0x00, 0x00,
    0x00, 0x00, 0x00, 0x00, 0x00, 0x00, 0x6f, 0xd0, 0x00, 0x00, 0x00, 0x00,
    0x00, 0x00, 0x00, 0x00, 0x6f, 0xd0, 0x00, 0x00, 0x00, 0x00, 0x00, 0x00,
    0x00, 0x00, 0x6f, 0xd0, 0x00, 0x00, 0x00, 0x00, 0x00, 0x00, 0x00, 0x00,
    0x6f, 0xe4, 0x44, 0x44, 0x44, 0x44, 0x44, 0x44, 0x44, 0x40, 0x6f, 0xff,
    0xff, 0xff, 0xff, 0xff, 0xff, 0xff, 0xff, 0xf0, 0x6f, 0xff, 0xff, 0xff,
    0xff, 0xff, 0xff, 0xff, 0xff, 0xf0,

    /* U+0046 "F" */
    0x12, 0x22, 0x22, 0x22, 0x22, 0x22, 0x22, 0x22, 0x22, 0x20, 0x6f, 0xff,
    0xff, 0xff, 0xff, 0xff, 0xff, 0xff, 0xff, 0xf0, 0x6f, 0xff, 0xff, 0xff,
    0xff, 0xff, 0xff, 0xff, 0xff, 0xf0, 0x6f, 0xe2, 0x22, 0x22, 0x22, 0x22,
    0x22, 0x22, 0x22, 0x20, 0x6f, 0xd0, 0x00, 0x00, 0x00, 0x00, 0x00, 0x00,
    0x00, 0x00, 0x6f, 0xd0, 0x00, 0x00, 0x00, 0x00, 0x00, 0x00, 0x00, 0x00,
    0x6f, 0xd0, 0x00, 0x00, 0x00, 0x00, 0x00, 0x00, 0x00, 0x00, 0x6f, 0xd0,
    0x00, 0x00, 0x00, 0x00, 0x00, 0x00, 0x00, 0x00, 0x6f, 0xd0, 0x00, 0x00,
    0x00, 0x00, 0x00, 0x00, 0x00, 0x00, 0x6f, 0xe4, 0x44, 0x44, 0x44, 0x44,
    0x44, 0x43, 0x00, 0x00, 0x6f, 0xff, 0xff, 0xff, 0xff, 0xff, 0xff, 0xfd,
    0x00, 0x00, 0x6f, 0xff, 0xff, 0xff, 0xff, 0xff, 0xff, 0xfd, 0x00, 0x00,
    0x6f, 0xd1, 0x11, 0x11, 0x11, 0x11, 0x11, 0x11, 0x00, 0x00, 0x6f, 0xd0,
    0x00, 0x00, 0x00, 0x00, 0x00, 0x00, 0x00, 0x00, 0x6f, 0xd0, 0x00, 0x00,
    0x00, 0x00, 0x00, 0x00, 0x00, 0x00, 0x6f, 0xd0, 0x00, 0x00, 0x00, 0x00,
    0x00, 0x00, 0x00, 0x00, 0x6f, 0xd0, 0x00, 0x00, 0x00, 0x00, 0x00, 0x00,
    0x00, 0x00, 0x6f, 0xd0, 0x00, 0x00, 0x00, 0x00, 0x00, 0x00, 0x00, 0x00,
    0x6f, 0xd0, 0x00, 0x00, 0x00, 0x00, 0x00, 0x00, 0x00, 0x00, 0x6f, 0xd0,
    0x00, 0x00, 0x00, 0x00, 0x00, 0x00, 0x00, 0x00, 0x6f, 0xd0, 0x00, 0x00,
    0x00, 0x00, 0x00, 0x00, 0x00, 0x00,

    /* U+0047 "G" */
    0x00, 0x01, 0x22, 0x22, 0x22, 0x22, 0x22, 0x22, 0x22, 0x00, 0x00, 0x3c,
    0xff, 0xff, 0xff, 0xff, 0xff, 0xff, 0xff, 0xfe, 0x50, 0x1d, 0xff, 0xff,
    0xff, 0xff, 0xff, 0xff, 0xff, 0xff, 0xff, 0x45, 0xff, 0x42, 0x22, 0x22,
    0x22, 0x22, 0x22, 0x22, 0x2c, 0xf9, 0x7f, 0xd0, 0x00, 0x00, 0x00, 0x00,
    0x00, 0x00, 0x00, 0x8f, 0xb7, 0xfd, 0x00, 0x00, 0x00, 0x00, 0x00, 0x00,
    0x00, 0x00, 0x00, 0x7f, 0xd0, 0x00, 0x00, 0x00, 0x00, 0x00, 0x00, 0x00,
    0x00, 0x07, 0xfd, 0x00, 0x00, 0x00, 0x00, 0x00, 0x00, 0x00, 0x00, 0x00,
    0x7f, 0xd0, 0x00, 0x00, 0x00, 0x00, 0x00, 0x00, 0x00, 0x00, 0x07, 0xfd,
    0x00, 0x00, 0x00, 0x00, 0x00, 0x00, 0x00, 0x00, 0x00, 0x7f, 0xd0, 0x00,
    0x00, 0x00, 0x00, 0x05, 0xaa, 0xaa, 0xaa, 0x77, 0xfd, 0x00, 0x00, 0x00,
    0x00, 0x00, 0x8f, 0xff, 0xff, 0xfb, 0x7f, 0xd0, 0x00, 0x00, 0x00, 0x00,
    0x05, 0xaa, 0xaa, 0xdf, 0xb7, 0xfd, 0x00, 0x00, 0x00, 0x00, 0x00, 0x00,
    0x00, 0x08, 0xfb, 0x7f, 0xd0, 0x00, 0x00, 0x00, 0x00, 0x00, 0x00, 0x00,
    0x8f, 0xb7, 0xfd, 0x00, 0x00, 0x00, 0x00, 0x00, 0x00, 0x00, 0x08, 0xfb,
    0x7f, 0xd0, 0x00, 0x00, 0x00, 0x00, 0x00, 0x00, 0x00, 0x8f, 0xb6, 0xfd,
    0x00, 0x00, 0x00, 0x00, 0x00, 0x00, 0x00, 0x08, 0xfb, 0x4f, 0xf6, 0x44,
    0x44, 0x44, 0x44, 0x44, 0x44, 0x45, 0xdf, 0x90, 0xcf, 0xff, 0xff, 0xff,
    0xff, 0xff, 0xff, 0xff, 0xff, 0xf3, 0x01, 0xae, 0xff, 0xff, 0xff, 0xff,
    0xff, 0xff, 0xff, 0xc4, 0x00,

    /* U+0048 "H" */
    0x12, 0x20, 0x00, 0x00, 0x00, 0x00, 0x00, 0x00, 0x00, 0x02, 0x21, 0x6f,
    0xd0, 0x00, 0x00, 0x00, 0x00, 0x00, 0x00, 0x00, 0x0f, 0xf4, 0x6f, 0xd0,
    0x00, 0x00, 0x00, 0x00, 0x00, 0x00, 0x00, 0x0f, 0xf4, 0x6f, 0xd0, 0x00,
    0x00, 0x00, 0x00, 0x00, 0x00, 0x00, 0x0f, 0xf4, 0x6f, 0xd0, 0x00, 0x00,
    0x00, 0x00, 0x00, 0x00, 0x00, 0x0f, 0xf4, 0x6f, 0xd0, 0x00, 0x00, 0x00,
    0x00, 0x00, 0x00, 0x00, 0x0f, 0xf4, 0x6f, 0xd0, 0x00, 0x00, 0x00, 0x00,
    0x00, 0x00, 0x00, 0x0f, 0xf4, 0x6f, 0xd0, 0x00, 0x00, 0x00, 0x00, 0x00,
    0x00, 0x00, 0x0f, 0xf4, 0x6f, 0xd0, 0x00, 0x00, 0x00, 0x00, 0x00, 0x00,
    0x00, 0x0f, 0xf4, 0x6f, 0xd4, 0x44, 0x44, 0x44, 0x44, 0x44, 0x44, 0x44,
    0x4f, 0xf4, 0x6f, 0xff, 0xff, 0xff, 0xff, 0xff, 0xff, 0xff, 0xff, 0xff,
    0xf4, 0x6f, 0xff, 0xff, 0xff, 0xff, 0xff, 0xff, 0xff, 0xff, 0xff, 0xf4,
    0x6f, 0xd1, 0x11, 0x11, 0x11, 0x11, 0x11, 0x11, 0x11, 0x1f, 0xf4, 0x6f,
    0xd0, 0x00, 0x00, 0x00, 0x00, 0x00, 0x00, 0x00, 0x0f, 0xf4, 0x6f, 0xd0,
    0x00, 0x00, 0x00, 0x00, 0x00, 0x00, 0x00, 0x0f, 0xf4, 0x6f, 0xd0, 0x00,
    0x00, 0x00, 0x00, 0x00, 0x00, 0x00, 0x0f, 0xf4, 0x6f, 0xd0, 0x00, 0x00,
    0x00, 0x00, 0x00, 0x00, 0x00, 0x0f, 0xf4, 0x6f, 0xd0, 0x00, 0x00, 0x00,
    0x00, 0x00, 0x00, 0x00, 0x0f, 0xf4, 0x6f, 0xd0, 0x00, 0x00, 0x00, 0x00,
    0x00, 0x00, 0x00, 0x0f, 0xf4, 0x6f, 0xd0, 0x00, 0x00, 0x00, 0x00, 0x00,
    0x00, 0x00, 0x0f, 0xf4, 0x6f, 0xd0, 0x00, 0x00, 0x00, 0x00, 0x00, 0x00,
    0x00, 0x0f, 0xf4,

    /* U+0049 "I" */
    0x02, 0x20, 0x2f, 0xf2, 0x2f, 0xf2, 0x2f, 0xf2, 0x2f, 0xf2, 0x2f, 0xf2,
    0x2f, 0xf2, 0x2f, 0xf2, 0x2f, 0xf2, 0x2f, 0xf2, 0x2f, 0xf2, 0x2f, 0xf2,
    0x2f, 0xf2, 0x2f, 0xf2, 0x2f, 0xf2, 0x2f, 0xf2, 0x2f, 0xf2, 0x2f, 0xf2,
    0x2f, 0xf2, 0x2f, 0xf2, 0x2f, 0xf2,

    /* U+004A "J" */
    0x00, 0x00, 0x00, 0x00, 0x00, 0x00, 0x00, 0x00, 0x00, 0x22, 0x10, 0x00,
    0x00, 0x00, 0x00, 0x00, 0x00, 0x00, 0x00, 0x0f, 0xf4, 0x00, 0x00, 0x00,
    0x00, 0x00, 0x00, 0x00, 0x00, 0x00, 0xff, 0x40, 0x00, 0x00, 0x00, 0x00,
    0x00, 0x00, 0x00, 0x00, 0x0f, 0xf4, 0x00, 0x00, 0x00, 0x00, 0x00, 0x00,
    0x00, 0x00, 0x00, 0xff, 0x40, 0x00, 0x00, 0x00, 0x00, 0x00, 0x00, 0x00,
    0x00, 0x0f, 0xf4, 0x00, 0x00, 0x00, 0x00, 0x00, 0x00, 0x00, 0x00, 0x00,
    0xff, 0x40, 0x00, 0x00, 0x00, 0x00, 0x00, 0x00, 0x00, 0x00, 0x0f, 0xf4,
    0x00, 0x00, 0x00, 0x00, 0x00, 0x00, 0x00, 0x00, 0x00, 0xff, 0x40, 0x00,
    0x00, 0x00, 0x00, 0x00, 0x00, 0x00, 0x00, 0x0f, 0xf4, 0x00, 0x00, 0x00,
    0x00, 0x00, 0x00, 0x00, 0x00, 0x00, 0xff, 0x40, 0x00, 0x00, 0x00, 0x00,
    0x00, 0x00, 0x00, 0x00, 0x0f, 0xf4, 0x00, 0x00, 0x00, 0x00, 0x00, 0x00,
    0x00, 0x00, 0x00, 0xff, 0x40, 0x00, 0x00, 0x00, 0x00, 0x00, 0x00, 0x00,
    0x00, 0x0f, 0xf4, 0x00, 0x00, 0x00, 0x00, 0x00, 0x00, 0x00, 0x00, 0x00,
    0xff, 0x40, 0x00, 0x00, 0x00, 0x00, 0x00, 0x00, 0x00, 0x00, 0x0f, 0xf4,
    0xde, 0x50, 0x00, 0x00, 0x00, 0x00, 0x00, 0x00, 0x00, 0xff, 0x4d, 0xf6,
    0x00, 0x00, 0x00, 0x00, 0x00, 0x00, 0x00, 0x0f, 0xf4, 0xbf, 0xc4, 0x44,
    0x44, 0x44, 0x44, 0x44, 0x44, 0x48, 0xff, 0x24, 0xff, 0xff, 0xff, 0xff,
    0xff, 0xff, 0xff, 0xff, 0xff, 0xa0, 0x05, 0xdf, 0xff, 0xff, 0xff, 0xff,
    0xff, 0xff, 0xfe, 0x91, 0x00,

    /* U+004B "K" */
    0x12, 0x20, 0x00, 0x00, 0x00, 0x00, 0x00, 0x00, 0x02, 0x22, 0x6f, 0xd0,
    0x00, 0x00, 0x00, 0x00, 0x00, 0x00, 0xaf, 0xf4, 0x6f, 0xd0, 0x00, 0x00,
    0x00, 0x00, 0x00, 0x08, 0xff, 0x60, 0x6f, 0xd0, 0x00, 0x00, 0x00, 0x00,
    0x00, 0x5f, 0xf9, 0x00, 0x6f, 0xd0, 0x00, 0x00, 0x00, 0x00, 0x03, 0xff,
    0xb0, 0x00, 0x6f, 0xd0, 0x00, 0x00, 0x00, 0x00, 0x2e, 0xfd, 0x10, 0x00,
    0x6f, 0xd0, 0x00, 0x00, 0x00, 0x01, 0xcf, 0xe2, 0x00, 0x00, 0x6f, 0xd0,
    0x00, 0x00, 0x00, 0x0a, 0xff, 0x40, 0x00, 0x00, 0x6f, 0xd0, 0x00, 0x00,
    0x00, 0x8f, 0xf6, 0x00, 0x00, 0x00, 0x6f, 0xe4, 0x44, 0x44, 0x47, 0xff,
    0x80, 0x00, 0x00, 0x00, 0x6f, 0xff, 0xff, 0xff, 0xff, 0xfb, 0x00, 0x00,
    0x00, 0x00, 0x6f, 0xff, 0xff, 0xff, 0xff, 0xfc, 0x10, 0x00, 0x00, 0x00,
    0x6f, 0xd1, 0x11, 0x11, 0x14, 0xff, 0xa0, 0x00, 0x00, 0x00, 0x6f, 0xd0,
    0x00, 0x00, 0x00, 0x6f, 0xf8, 0x00, 0x00, 0x00, 0x6f, 0xd0, 0x00, 0x00,
    0x00, 0x08, 0xff, 0x60, 0x00, 0x00, 0x6f, 0xd0, 0x00, 0x00, 0x00, 0x00,
    0xbf, 0xf4, 0x00, 0x00, 0x6f, 0xd0, 0x00, 0x00, 0x00, 0x00, 0x1c, 0xfe,
    0x20, 0x00, 0x6f, 0xd0, 0x00, 0x00, 0x00, 0x00, 0x02, 0xef, 0xd1, 0x00,
    0x6f, 0xd0, 0x00, 0x00, 0x00, 0x00, 0x00, 0x4f, 0xfb, 0x00, 0x6f, 0xd0,
    0x00, 0x00, 0x00, 0x00, 0x00, 0x06, 0xff, 0x90, 0x6f, 0xd0, 0x00, 0x00,
    0x00, 0x00, 0x00, 0x00, 0x8f, 0xf6,

    /* U+004C "L" */
    0x13, 0x20, 0x00, 0x00, 0x00, 0x00, 0x00, 0x00, 0x00, 0x00, 0x06, 0xfd,
    0x00, 0x00, 0x00, 0x00, 0x00, 0x00, 0x00, 0x00, 0x00, 0x6f, 0xd0, 0x00,
    0x00, 0x00, 0x00, 0x00, 0x00, 0x00, 0x00, 0x06, 0xfd, 0x00, 0x00, 0x00,
    0x00, 0x00, 0x00, 0x00, 0x00, 0x00, 0x6f, 0xd0, 0x00, 0x00, 0x00, 0x00,
    0x00, 0x00, 0x00, 0x00, 0x06, 0xfd, 0x00, 0x00, 0x00, 0x00, 0x00, 0x00,
    0x00, 0x00, 0x00, 0x6f, 0xd0, 0x00, 0x00, 0x00, 0x00, 0x00, 0x00, 0x00,
    0x00, 0x06, 0xfd, 0x00, 0x00, 0x00, 0x00, 0x00, 0x00, 0x00, 0x00, 0x00,
    0x6f, 0xd0, 0x00, 0x00, 0x00, 0x00, 0x00, 0x00, 0x00, 0x00, 0x06, 0xfd,
    0x00, 0x00, 0x00, 0x00, 0x00, 0x00, 0x00, 0x00, 0x00, 0x6f, 0xd0, 0x00,
    0x00, 0x00, 0x00, 0x00, 0x00, 0x00, 0x00, 0x06, 0xfd, 0x00, 0x00, 0x00,
    0x00, 0x00, 0x00, 0x00, 0x00, 0x00, 0x6f, 0xd0, 0x00, 0x00, 0x00, 0x00,
    0x00, 0x00, 0x00, 0x00, 0x06, 0xfd, 0x00, 0x00, 0x00, 0x00, 0x00, 0x00,
    0x00, 0x00, 0x00, 0x6f, 0xd0, 0x00, 0x00, 0x00, 0x00, 0x00, 0x00, 0x00,
    0x00, 0x06, 0xfd, 0x00, 0x00, 0x00, 0x00, 0x00, 0x00, 0x00, 0x00, 0x00,
    0x6f, 0xd0, 0x00, 0x00, 0x00, 0x00, 0x00, 0x00, 0x00, 0x00, 0x06, 0xfd,
    0x00, 0x00, 0x00, 0x00, 0x00, 0x00, 0x00, 0x00, 0x00, 0x6f, 0xd4, 0x44,
    0x44, 0x44, 0x44, 0x44, 0x44, 0x44, 0x44, 0x36, 0xff, 0xff, 0xff, 0xff,
    0xff, 0xff, 0xff, 0xff, 0xff, 0xfb, 0x6f, 0xff, 0xff, 0xff, 0xff, 0xff,
    0xff, 0xff, 0xff, 0xff, 0xb0,

    /* U+004D "M" */
    0x12, 0x22, 0x00, 0x00, 0x00, 0x00, 0x00, 0x00, 0x00, 0x00, 0x12, 0x21,
    0x7f, 0xff, 0x40, 0x00, 0x00, 0x00, 0x00, 0x00, 0x00, 0x03, 0xef, 0xf8,
    0x7f, 0xff, 0xe2, 0x00, 0x00, 0x00, 0x00, 0x00, 0x00, 0x1d, 0xff, 0xf8,
    0x7f, 0xee, 0xfd, 0x10, 0x00, 0x00, 0x00, 0x00, 0x00, 0xcf, 0xfd, 0xf8,
    0x7f, 0xd4, 0xff, 0xb0, 0x00, 0x00, 0x00, 0x00, 0x0a, 0xff, 0x5b, 0xf8,
    0x7f, 0xd0, 0x6f, 0xf9, 0x00, 0x00, 0x00, 0x00, 0x7f, 0xf8, 0x0b, 0xf8,
    0x7f, 0xd0, 0x09, 0xff, 0x60, 0x00, 0x00, 0x05, 0xff, 0xa0, 0x0b, 0xf8,
    0x7f, 0xd0, 0x00, 0xbf, 0xf4, 0x00, 0x00, 0x3e, 0xfc, 0x10, 0x0b, 0xf8,
    0x7f, 0xd0, 0x00, 0x1c, 0xfe, 0x20, 0x02, 0xef, 0xd1, 0x00, 0x0b, 0xf8,
    0x7f, 0xd0, 0x00, 0x02, 0xef, 0xd1, 0x1c, 0xfe, 0x30, 0x00, 0x0b, 0xf8,
    0x7f, 0xd0, 0x00, 0x00, 0x3f, 0xfb, 0xaf, 0xf5, 0x00, 0x00, 0x0b, 0xf8,
    0x7f, 0xd0, 0x00, 0x00, 0x05, 0xff, 0xff, 0x70, 0x00, 0x00, 0x0b, 0xf8,
    0x7f, 0xd0, 0x00, 0x00, 0x00, 0x8f, 0xf9, 0x00, 0x00, 0x00, 0x0b, 0xf8,
    0x7f, 0xd0, 0x00, 0x00, 0x00, 0x0a, 0xb0, 0x00, 0x00, 0x00, 0x0b, 0xf8,
    0x7f, 0xd0, 0x00, 0x00, 0x00, 0x01, 0x10, 0x00, 0x00, 0x00, 0x0b, 0xf8,
    0x7f, 0xd0, 0x00, 0x00, 0x00, 0x00, 0x00, 0x00, 0x00, 0x00, 0x0b, 0xf8,
    0x7f, 0xd0, 0x00, 0x00, 0x00, 0x00, 0x00, 0x00, 0x00, 0x00, 0x0b, 0xf8,
    0x7f, 0xd0, 0x00, 0x00, 0x00, 0x00, 0x00, 0x00, 0x00, 0x00, 0x0b, 0xf8,
    0x7f, 0xd0, 0x00, 0x00, 0x00, 0x00, 0x00, 0x00, 0x00, 0x00, 0x0b, 0xf8,
    0x7f, 0xd0, 0x00, 0x00, 0x00, 0x00, 0x00, 0x00, 0x00, 0x00, 0x0b, 0xf8,
    0x7f, 0xd0, 0x00, 0x00, 0x00, 0x00, 0x00, 0x00, 0x00, 0x00, 0x0b, 0xf8,

    /* U+004E "N" */
    0x12, 0x22, 0x00, 0x00, 0x00, 0x00, 0x00, 0x00, 0x00, 0x12, 0x27, 0xff,
    0xf4, 0x00, 0x00, 0x00, 0x00, 0x00, 0x00, 0x08, 0xfb, 0x7f, 0xff, 0xe2,
    0x00, 0x00, 0x00, 0x00, 0x00, 0x00, 0x8f, 0xb7, 0xfe, 0xef, 0xd1, 0x00,
    0x00, 0x00, 0x00, 0x00, 0x08, 0xfb, 0x7f, 0xd4, 0xff, 0xb0, 0x00, 0x00,
    0x00, 0x00, 0x00, 0x8f, 0xb7, 0xfd, 0x06, 0xff, 0x90, 0x00, 0x00, 0x00,
    0x00, 0x08, 0xfb, 0x7f, 0xd0, 0x09, 0xff, 0x60, 0x00, 0x00, 0x00, 0x00,
    0x8f, 0xb7, 0xfd, 0x00, 0x0b, 0xff, 0x40, 0x00, 0x00, 0x00, 0x08, 0xfb,
    0x7f, 0xd0, 0x00, 0x1c, 0xfe, 0x20, 0x00, 0x00, 0x00, 0x8f, 0xb7, 0xfd,
    0x00, 0x00, 0x2e, 0xfd, 0x10, 0x00, 0x00, 0x08, 0xfb, 0x7f, 0xd0, 0x00,
    0x00, 0x3f, 0xfb, 0x00, 0x00, 0x00, 0x8f, 0xb7, 0xfd, 0x00, 0x00, 0x00,
    0x5f, 0xf9, 0x00, 0x00, 0x08, 0xfb, 0x7f, 0xd0, 0x00, 0x00, 0x00, 0x8f,
    0xf7, 0x00, 0x00, 0x8f, 0xb7, 0xfd, 0x00, 0x00, 0x00, 0x00, 0xaf, 0xf5,
    0x00, 0x08, 0xfb, 0x7f, 0xd0, 0x00, 0x00, 0x00, 0x01, 0xcf, 0xe3, 0x00,
    0x8f, 0xb7, 0xfd, 0x00, 0x00, 0x00, 0x00, 0x02, 0xdf, 0xd2, 0x08, 0xfb,
    0x7f, 0xd0, 0x00, 0x00, 0x00, 0x00, 0x03, 0xef, 0xc1, 0x8f, 0xb7, 0xfd,
    0x00, 0x00, 0x00, 0x00, 0x00, 0x05, 0xff, 0xa8, 0xfb, 0x7f, 0xd0, 0x00,
    0x00, 0x00, 0x00, 0x00, 0x07, 0xff, 0xef, 0xb7, 0xfd, 0x00, 0x00, 0x00,
    0x00, 0x00, 0x00, 0x0a, 0xff, 0xfb, 0x7f, 0xd0, 0x00, 0x00, 0x00, 0x00,
    0x00, 0x00, 0x0c, 0xff, 0xb0,

    /* U+004F "O" */
    0x00, 0x02, 0x22, 0x22, 0x22, 0x22, 0x22, 0x22, 0x22, 0x00, 0x00, 0x3d,
    0xff, 0xff, 0xff, 0xff, 0xff, 0xff, 0xff, 0xfd, 0x50, 0x1e, 0xff, 0xff,
    0xff, 0xff, 0xff, 0xff, 0xff, 0xff, 0xff, 0x36, 0xfe, 0x42, 0x22, 0x22,
    0x22, 0x22, 0x22, 0x22, 0x3d, 0xf8, 0x7f, 0xc0, 0x00, 0x00, 0x00, 0x00,
    0x00, 0x00, 0x00, 0x9f, 0xa7, 0xfc, 0x00, 0x00, 0x00, 0x00, 0x00, 0x00,
    0x00, 0x09, 0xfa, 0x7f, 0xc0, 0x00, 0x00, 0x00, 0x00, 0x00, 0x00, 0x00,
    0x9f, 0xa7, 0xfc, 0x00, 0x00, 0x00, 0x00, 0x00, 0x00, 0x00, 0x09, 0xfa,
    0x7f, 0xc0, 0x00, 0x00, 0x00, 0x00, 0x00, 0x00, 0x00, 0x9f, 0xa7, 0xfc,
    0x00, 0x00, 0x00, 0x00, 0x00, 0x00, 0x00, 0x09, 0xfa, 0x7f, 0xc0, 0x00,
    0x00, 0x00, 0x00, 0x00, 0x00, 0x00, 0x9f, 0xa7, 0xfc, 0x00, 0x00, 0x00,
    0x00, 0x00, 0x00, 0x00, 0x09, 0xfa, 0x7f, 0xc0, 0x00, 0x00, 0x00, 0x00,
    0x00, 0x00, 0x00, 0x9f, 0xa7, 0xfc, 0x00, 0x00, 0x00, 0x00, 0x00, 0x00,
    0x00, 0x09, 0xfa, 0x7f, 0xc0, 0x00, 0x00, 0x00, 0x00, 0x00, 0x00, 0x00,
    0x9f, 0xa7, 0xfc, 0x00, 0x00, 0x00, 0x00, 0x00, 0x00, 0x00, 0x09, 0xfa,
    0x7f, 0xc0, 0x00, 0x00, 0x00, 0x00, 0x00, 0x00, 0x00, 0x9f, 0xa7, 0xfc,
    0x00, 0x00, 0x00, 0x00, 0x00, 0x00, 0x00, 0x09, 0xfa, 0x5f, 0xf6, 0x44,
    0x44, 0x44, 0x44, 0x44, 0x44, 0x45, 0xef, 0x81, 0xdf, 0xff, 0xff, 0xff,
    0xff, 0xff, 0xff, 0xff, 0xff, 0xe2, 0x02, 0xae, 0xff, 0xff, 0xff, 0xff,
    0xff, 0xff, 0xff, 0xb3, 0x00,

    /* U+0050 "P" */
    0x12, 0x22, 0x22, 0x22, 0x22, 0x22, 0x22, 0x22, 0x21, 0x00, 0x07, 0xff,
    0xff, 0xff, 0xff, 0xff, 0xff, 0xff, 0xff, 0xfd, 0x50, 0x7f, 0xff, 0xff,
    0xff, 0xff, 0xff, 0xff, 0xff, 0xff, 0xff, 0x37, 0xff, 0x42, 0x22, 0x22,
    0x22, 0x22, 0x22, 0x22, 0x3d, 0xf9, 0x7f, 0xd0, 0x00, 0x00, 0x00, 0x00,
    0x00, 0x00, 0x00, 0x8f, 0xb7, 0xfd, 0x00, 0x00, 0x00, 0x00, 0x00, 0x00,
    0x00, 0x08, 0xfb, 0x7f, 0xd0, 0x00, 0x00, 0x00, 0x00, 0x00, 0x00, 0x00,
    0x8f, 0xb7, 0xfd, 0x00, 0x00, 0x00, 0x00, 0x00, 0x00, 0x00, 0x08, 0xfb,
    0x7f, 0xd0, 0x00, 0x00, 0x00, 0x00, 0x00, 0x00, 0x00, 0x8f, 0xb7, 0xfd,
    0x00, 0x00, 0x00, 0x00, 0x00, 0x00, 0x00, 0x08, 0xfb, 0x7f, 0xe1, 0x00,
    0x00, 0x00, 0x00, 0x00, 0x00, 0x00, 0xaf, 0xa7, 0xff, 0xec, 0xcc, 0xcc,
    0xcc, 0xcc, 0xcc, 0xcc, 0xdf, 0xf6, 0x7f, 0xff, 0xff, 0xff, 0xff, 0xff,
    0xff, 0xff, 0xff, 0xfa, 0x07, 0xfe, 0x88, 0x88, 0x88, 0x88, 0x88, 0x88,
    0x88, 0x74, 0x00, 0x7f, 0xd0, 0x00, 0x00, 0x00, 0x00, 0x00, 0x00, 0x00,
    0x00, 0x07, 0xfd, 0x00, 0x00, 0x00, 0x00, 0x00, 0x00, 0x00, 0x00, 0x00,
    0x7f, 0xd0, 0x00, 0x00, 0x00, 0x00, 0x00, 0x00, 0x00, 0x00, 0x07, 0xfd,
    0x00, 0x00, 0x00, 0x00, 0x00, 0x00, 0x00, 0x00, 0x00, 0x7f, 0xd0, 0x00,
    0x00, 0x00, 0x00, 0x00, 0x00, 0x00, 0x00, 0x07, 0xfd, 0x00, 0x00, 0x00,
    0x00, 0x00, 0x00, 0x00, 0x00, 0x00, 0x7f, 0xd0, 0x00, 0x00, 0x00, 0x00,
    0x00, 0x00, 0x00, 0x00, 0x00,

    /* U+0051 "Q" */
    0x00, 0x02, 0x22, 0x22, 0x22, 0x22, 0x22, 0x22, 0x22, 0x00, 0x00, 0x00,
    0x03, 0xdf, 0xff, 0xff, 0xff, 0xff, 0xff, 0xff, 0xff, 0xd5, 0x00, 0x00,
    0x1e, 0xff, 0xff, 0xff, 0xff, 0xff, 0xff, 0xff, 0xff, 0xff, 0x30, 0x00,
    0x6f, 0xe4, 0x22, 0x22, 0x22, 0x22, 0x22, 0x22, 0x23, 0xdf, 0x80, 0x00,
    0x7f, 0xc0, 0x00, 0x00, 0x00, 0x00, 0x00, 0x00, 0x00, 0x9f, 0xa0, 0x00,
    0x7f, 0xc0, 0x00, 0x00, 0x00, 0x00, 0x00, 0x00, 0x00, 0x9f, 0xa0, 0x00,
    0x7f, 0xc0, 0x00, 0x00, 0x00, 0x00, 0x00, 0x00, 0x00, 0x9f, 0xa0, 0x00,
    0x7f, 0xc0, 0x00, 0x00, 0x00, 0x00, 0x00, 0x00, 0x00, 0x9f, 0xa0, 0x00,
    0x7f, 0xc0, 0x00, 0x00, 0x00, 0x00, 0x00, 0x00, 0x00, 0x9f, 0xa0, 0x00,
    0x7f, 0xc0, 0x00, 0x00, 0x00, 0x00, 0x00, 0x00, 0x00, 0x9f, 0xa0, 0x00,
    0x7f, 0xc0, 0x00, 0x00, 0x00, 0x00, 0x00, 0x00, 0x00, 0x9f, 0xa0, 0x00,
    0x7f, 0xc0, 0x00, 0x00, 0x00, 0x00, 0x00, 0x00, 0x00, 0x9f, 0xa0, 0x00,
    0x7f, 0xc0, 0x00, 0x00, 0x00, 0x00, 0x00, 0x00, 0x00, 0x9f, 0xa0, 0x00,
    0x7f, 0xc0, 0x00, 0x00, 0x00, 0x00, 0x00, 0x00, 0x00, 0x9f, 0xa0, 0x00,
    0x7f, 0xc0, 0x00, 0x00, 0x00, 0x00, 0x00, 0x00, 0x00, 0x9f, 0xa0, 0x00,
    0x7f, 0xc0, 0x00, 0x00, 0x00, 0x00, 0x00, 0x00, 0x00, 0x9f, 0xa0, 0x00,
    0x7f, 0xc0, 0x00, 0x00, 0x00, 0x00, 0x00, 0x00, 0x00, 0x9f, 0xa0, 0x00,
    0x7f, 0xc0, 0x00, 0x00, 0x00, 0x00, 0x00, 0x00, 0x00, 0x9f, 0xc0, 0x00,
    0x5f, 0xf6, 0x44, 0x44, 0x44, 0x44, 0x44, 0x44, 0x45, 0xff, 0xf4, 0x41,
    0x1d, 0xff, 0xff, 0xff, 0xff, 0xff, 0xff, 0xff, 0xff, 0xff, 0xff, 0xf4,
    0x02, 0xae, 0xff, 0xff, 0xff, 0xff, 0xff, 0xff, 0xff, 0xff, 0xff, 0xf4,

    /* U+0052 "R" */
    0x12, 0x22, 0x22, 0x22, 0x22, 0x22, 0x22, 0x22, 0x21, 0x00, 0x07, 0xff,
    0xff, 0xff, 0xff, 0xff, 0xff, 0xff, 0xff, 0xfd, 0x50, 0x7f, 0xff, 0xff,
    0xff, 0xff, 0xff, 0xff, 0xff, 0xff, 0xff, 0x37, 0xff, 0x42, 0x22, 0x22,
    0x22, 0x22, 0x22, 0x22, 0x3d, 0xf9, 0x7f, 0xd0, 0x00, 0x00, 0x00, 0x00,
    0x00, 0x00, 0x00, 0x8f, 0xb7, 0xfd, 0x00, 0x00, 0x00, 0x00, 0x00, 0x00,
    0x00, 0x08, 0xfb, 0x7f, 0xd0, 0x00, 0x00, 0x00, 0x00, 0x00, 0x00, 0x00,
    0x8f, 0xb7, 0xfd, 0x00, 0x00, 0x00, 0x00, 0x00, 0x00, 0x00, 0x08, 0xfb,
    0x7f, 0xd0, 0x00, 0x00, 0x00, 0x00, 0x00, 0x00, 0x00, 0x8f, 0xb7, 0xfd,
    0x00, 0x00, 0x00, 0x00, 0x00, 0x00, 0x00, 0x08, 0xfb, 0x7f, 0xe1, 0x00,
    0x00, 0x00, 0x00, 0x00, 0x00, 0x00, 0xaf, 0xa7, 0xff, 0xec, 0xcc, 0xcc,
    0xcc, 0xcc, 0xcc, 0xcc, 0xdf, 0xf6, 0x7f, 0xff, 0xff, 0xff, 0xff, 0xff,
    0xff, 0xff, 0xff, 0xfa, 0x07, 0xfe, 0x88, 0x88, 0x88, 0x88, 0xff, 0xfc,
    0x88, 0x74, 0x00, 0x7f, 0xd0, 0x00, 0x00, 0x00, 0x01, 0xcf, 0xe3, 0x00,
    0x00, 0x07, 0xfd, 0x00, 0x00, 0x00, 0x00, 0x02, 0xef, 0xd1, 0x00, 0x00,
    0x7f, 0xd0, 0x00, 0x00, 0x00, 0x00, 0x03, 0xff, 0xc0, 0x00, 0x07, 0xfd,
    0x00, 0x00, 0x00, 0x00, 0x00, 0x05, 0xff, 0xa0, 0x00, 0x7f, 0xd0, 0x00,
    0x00, 0x00, 0x00, 0x00, 0x08, 0xff, 0x80, 0x07, 0xfd, 0x00, 0x00, 0x00,
    0x00, 0x00, 0x00, 0x0a, 0xff, 0x50, 0x7f, 0xd0, 0x00, 0x00, 0x00, 0x00,
    0x00, 0x00, 0x1c, 0xff, 0x30,

    /* U+0053 "S" */
    0x00, 0x02, 0x22, 0x22, 0x22, 0x22, 0x22, 0x22, 0x22, 0x00, 0x00, 0x4d,
    0xff, 0xff, 0xff, 0xff, 0xff, 0xff, 0xff, 0xfd, 0x40, 0x2e, 0xff, 0xff,
    0xff, 0xff, 0xff, 0xff, 0xff, 0xff, 0xfe, 0x27, 0xfe, 0x32, 0x22, 0x22,
    0x22, 0x22, 0x22, 0x22, 0x3e, 0xf7, 0x9f, 0xb0, 0x00, 0x00, 0x00, 0x00,
    0x00, 0x00, 0x00, 0xaf, 0x99, 0xfb, 0x00, 0x00, 0x00, 0x00, 0x00, 0x00,
    0x00, 0x00, 0x00, 0x9f, 0xb0, 0x00, 0x00, 0x00, 0x00, 0x00, 0x00, 0x00,
    0x00, 0x09, 0xfb, 0x00, 0x00, 0x00, 0x00, 0x00, 0x00, 0x00, 0x00, 0x00,
    0x9f, 0xb0, 0x00, 0x00, 0x00, 0x00, 0x00, 0x00, 0x00, 0x00, 0x07, 0xfe,
    0x54, 0x44, 0x44, 0x44, 0x44, 0x44, 0x44, 0x30, 0x00, 0x1e, 0xff, 0xff,
    0xff, 0xff, 0xff, 0xff, 0xff, 0xff, 0xe5, 0x00, 0x3c, 0xff, 0xff, 0xff,
    0xff, 0xff, 0xff, 0xff, 0xff, 0xf2, 0x00, 0x00, 0x11, 0x11, 0x11, 0x11,
    0x11, 0x11, 0x12, 0xdf, 0x80, 0x00, 0x00, 0x00, 0x00, 0x00, 0x00, 0x00,
    0x00, 0x0a, 0xf9, 0x00, 0x00, 0x00, 0x00, 0x00, 0x00, 0x00, 0x00, 0x00,
    0xaf, 0x90, 0x00, 0x00, 0x00, 0x00, 0x00, 0x00, 0x00, 0x00, 0x0a, 0xf9,
    0x12, 0x10, 0x00, 0x00, 0x00, 0x00, 0x00, 0x00, 0x00, 0xaf, 0x99, 0xfb,
    0x00, 0x00, 0x00, 0x00, 0x00, 0x00, 0x00, 0x0b, 0xf9, 0x7f, 0xe5, 0x44,
    0x44, 0x44, 0x44, 0x44, 0x44, 0x45, 0xef, 0x71, 0xef, 0xff, 0xff, 0xff,
    0xff, 0xff, 0xff, 0xff, 0xff, 0xe1, 0x02, 0xbe, 0xff, 0xff, 0xff, 0xff,
    0xff, 0xff, 0xfe, 0xb2, 0x00,

    /* U+0054 "T" */
    0x12, 0x22, 0x22, 0x22, 0x22, 0x22, 0x22, 0x22, 0x22, 0x22, 0x27, 0xff,
    0xff, 0xff, 0xff, 0xff, 0xff, 0xff, 0xff, 0xff, 0xfb, 0x7f, 0xff, 0xff,
    0xff, 0xff, 0xff, 0xff, 0xff, 0xff, 0xff, 0xb1, 0x22, 0x22, 0x22, 0x22,
    0x8f, 0xc2, 0x22, 0x22, 0x22, 0x21, 0x00, 0x00, 0x00, 0x00, 0x07, 0xfc,
    0x00, 0x00, 0x00, 0x00, 0x00, 0x00, 0x00, 0x00, 0x00, 0x7f, 0xc0, 0x00,
    0x00, 0x00, 0x00, 0x00, 0x00, 0x00, 0x00, 0x07, 0xfc, 0x00, 0x00, 0x00,
    0x00, 0x00, 0x00, 0x00, 0x00, 0x00, 0x7f, 0xc0, 0x00, 0x00, 0x00, 0x00,
    0x00, 0x00, 0x00, 0x00, 0x07, 0xfc, 0x00, 0x00, 0x00, 0x00, 0x00, 0x00,
    0x00, 0x00, 0x00, 0x7f, 0xc0, 0x00, 0x00, 0x00, 0x00, 0x00, 0x00, 0x00,
    0x00, 0x07, 0xfc, 0x00, 0x00, 0x00, 0x00, 0x00, 0x00, 0x00, 0x00, 0x00,
    0x7f, 0xc0, 0x00, 0x00, 0x00, 0x00, 0x00, 0x00, 0x00, 0x00, 0x07, 0xfc,
    0x00, 0x00, 0x00, 0x00, 0x00, 0x00, 0x00, 0x00, 0x00, 0x7f, 0xc0, 0x00,
    0x00, 0x00, 0x00, 0x00, 0x00, 0x00, 0x00, 0x07, 0xfc, 0x00, 0x00, 0x00,
    0x00, 0x00, 0x00, 0x00, 0x00, 0x00, 0x7f, 0xc0, 0x00, 0x00, 0x00, 0x00,
    0x00, 0x00, 0x00, 0x00, 0x07, 0xfc, 0x00, 0x00, 0x00, 0x00, 0x00, 0x00,
    0x00, 0x00, 0x00, 0x7f, 0xc0, 0x00, 0x00, 0x00, 0x00, 0x00, 0x00, 0x00,
    0x00, 0x07, 0xfc, 0x00, 0x00, 0x00, 0x00, 0x00, 0x00, 0x00, 0x00, 0x00,
    0x7f, 0xc0, 0x00, 0x00, 0x00, 0x00, 0x00, 0x00, 0x00, 0x00, 0x07, 0xfc,
    0x00, 0x00, 0x00, 0x00, 0x00,

    /* U+0055 "U" */
    0x12, 0x20, 0x00, 0x00, 0x00, 0x00, 0x00, 0x00, 0x00, 0x12, 0x27, 0xfc,
    0x00, 0x00, 0x00, 0x00, 0x00, 0x00, 0x00, 0x09, 0xfa, 0x7f, 0xc0, 0x00,
    0x00, 0x00, 0x00, 0x00, 0x00, 0x00, 0x9f, 0xa7, 0xfc, 0x00, 0x00, 0x00,
    0x00, 0x00, 0x00, 0x00, 0x09, 0xfa, 0x7f, 0xc0, 0x00, 0x00, 0x00, 0x00,
    0x00, 0x00, 0x00, 0x9f, 0xa7, 0xfc, 0x00, 0x00, 0x00, 0x00, 0x00, 0x00,
    0x00, 0x09, 0xfa, 0x7f, 0xc0, 0x00, 0x00, 0x00, 0x00, 0x00, 0x00, 0x00,
    0x9f, 0xa7, 0xfc, 0x00, 0x00, 0x00, 0x00, 0x00, 0x00, 0x00, 0x09, 0xfa,
    0x7f, 0xc0, 0x00, 0x00, 0x00, 0x00, 0x00, 0x00, 0x00, 0x9f, 0xa7, 0xfc,
    0x00, 0x00, 0x00, 0x00, 0x00, 0x00, 0x00, 0x09, 0xfa, 0x7f, 0xc0, 0x00,
    0x00, 0x00, 0x00, 0x00, 0x00, 0x00, 0x9f, 0xa7, 0xfc, 0x00, 0x00, 0x00,
    0x00, 0x00, 0x00, 0x00, 0x09, 0xfa, 0x7f, 0xc0, 0x00, 0x00, 0x00, 0x00,
    0x00, 0x00, 0x00, 0x9f, 0xa7, 0xfc, 0x00, 0x00, 0x00, 0x00, 0x00, 0x00,
    0x00, 0x09, 0xfa, 0x7f, 0xc0, 0x00, 0x00, 0x00, 0x00, 0x00, 0x00, 0x00,
    0x9f, 0xa7, 0xfc, 0x00, 0x00, 0x00, 0x00, 0x00, 0x00, 0x00, 0x09, 0xfa,
    0x7f, 0xc0, 0x00, 0x00, 0x00, 0x00, 0x00, 0x00, 0x00, 0x9f, 0xa7, 0xfc,
    0x00, 0x00, 0x00, 0x00, 0x00, 0x00, 0x00, 0x09, 0xfa, 0x5f, 0xf6, 0x44,
    0x44, 0x44, 0x44, 0x44, 0x44, 0x45, 0xef, 0x81, 0xdf, 0xff, 0xff, 0xff,
    0xff, 0xff, 0xff, 0xff, 0xff, 0xe2, 0x02, 0xae, 0xff, 0xff, 0xff, 0xff,
    0xff, 0xff, 0xff, 0xb3, 0x00,

    /* U+0056 "V" */
    0x02, 0x22, 0x00, 0x00, 0x00, 0x00, 0x00, 0x00, 0x00, 0x00, 0x00, 0x00,
    0x22, 0x20, 0xaf, 0xe1, 0x00, 0x00, 0x00, 0x00, 0x00, 0x00, 0x00, 0x00,
    0x00, 0x2f, 0xf8, 0x02, 0xef, 0x90, 0x00, 0x00, 0x00, 0x00, 0x00, 0x00,
    0x00, 0x00, 0x0a, 0xfe, 0x10, 0x07, 0xff, 0x30, 0x00, 0x00, 0x00, 0x00,
    0x00, 0x00, 0x00, 0x04, 0xff, 0x60, 0x00, 0x0d, 0xfb, 0x00, 0x00, 0x00,
    0x00, 0x00, 0x00, 0x00, 0x00, 0xcf, 0xc0, 0x00, 0x00, 0x5f, 0xf5, 0x00,
    0x00, 0x00, 0x00, 0x00, 0x00, 0x00, 0x6f, 0xf4, 0x00, 0x00, 0x00, 0xbf,
    0xd0, 0x00, 0x00, 0x00, 0x00, 0x00, 0x00, 0x1e, 0xfa, 0x00, 0x00, 0x00,
    0x03, 0xff, 0x70, 0x00, 0x00, 0x00, 0x00, 0x00, 0x08, 0xff, 0x20, 0x00,
    0x00, 0x00, 0x09, 0xfe, 0x10, 0x00, 0x00, 0x00, 0x00, 0x02, 0xff, 0x80,
    0x00, 0x00, 0x00, 0x00, 0x1e, 0xf9, 0x00, 0x00, 0x00, 0x00, 0x00, 0xaf,
    0xd1, 0x00, 0x00, 0x00, 0x00, 0x00, 0x6f, 0xf3, 0x00, 0x00, 0x00, 0x00,
    0x4f, 0xf5, 0x00, 0x00, 0x00, 0x00, 0x00, 0x00, 0xcf, 0xc0, 0x00, 0x00,
    0x00, 0x0c, 0xfc, 0x00, 0x00, 0x00, 0x00, 0x00, 0x00, 0x04, 0xff, 0x50,
    0x00, 0x00, 0x06, 0xff, 0x30, 0x00, 0x00, 0x00, 0x00, 0x00, 0x00, 0x0a,
    0xfd, 0x10, 0x00, 0x01, 0xef, 0x90, 0x00, 0x00, 0x00, 0x00, 0x00, 0x00,
    0x00, 0x2f, 0xf8, 0x00, 0x00, 0x9f, 0xe1, 0x00, 0x00, 0x00, 0x00, 0x00,
    0x00, 0x00, 0x00, 0x8f, 0xe2, 0x00, 0x2f, 0xf7, 0x00, 0x00, 0x00, 0x00,
    0x00, 0x00, 0x00, 0x00, 0x01, 0xef, 0xa0, 0x0b, 0xfd, 0x00, 0x00, 0x00,
    0x00, 0x00, 0x00, 0x00, 0x00, 0x00, 0x06, 0xff, 0x34, 0xff, 0x50, 0x00,
    0x00, 0x00, 0x00, 0x00, 0x00, 0x00, 0x00, 0x00, 0x0c, 0xfc, 0xdf, 0xb0,
    0x00, 0x00, 0x00, 0x00, 0x00, 0x00, 0x00, 0x00, 0x00, 0x00, 0x3f, 0xff,
    0xf2, 0x00, 0x00, 0x00, 0x00, 0x00, 0x00, 0x00, 0x00, 0x00, 0x00, 0x00,
    0xaf, 0xf9, 0x00, 0x00, 0x00, 0x00, 0x00, 0x00,

    /* U+0057 "W" */
    0x02, 0x21, 0x00, 0x00, 0x00, 0x00, 0x00, 0x02, 0x22, 0x00, 0x00, 0x00,
    0x00, 0x00, 0x01, 0x22, 0x00, 0xcf, 0x90, 0x00, 0x00, 0x00, 0x00, 0x01,
    0xff, 0xf2, 0x00, 0x00, 0x00, 0x00, 0x00, 0x8f, 0xd0, 0x06, 0xfe, 0x10,
    0x00, 0x00, 0x00, 0x00, 0x6f, 0xff, 0x80, 0x00, 0x00, 0x00, 0x00, 0x0e,
    0xf8, 0x00, 0x1f, 0xf5, 0x00, 0x00, 0x00, 0x00, 0x0c, 0xff, 0xfd, 0x00,
    0x00, 0x00, 0x00, 0x04, 0xff, 0x30, 0x00, 0xaf, 0xb0, 0x00, 0x00, 0x00,
    0x02, 0xff, 0x7f, 0xf4, 0x00, 0x00, 0x00, 0x00, 0xaf, 0xc0, 0x00, 0x05,
    0xff, 0x10, 0x00, 0x00, 0x00, 0x8f, 0xe0, 0xcf, 0x90, 0x00, 0x00, 0x00,
    0x1e, 0xf7, 0x00, 0x00, 0x0e, 0xf7, 0x00, 0x00, 0x00, 0x0d, 0xf8, 0x07,
    0xfe, 0x10, 0x00, 0x00, 0x05, 0xff, 0x10, 0x00, 0x00, 0x9f, 0xc0, 0x00,
    0x00, 0x04, 0xff, 0x30, 0x2f, 0xf5, 0x00, 0x00, 0x00, 0xbf, 0xb0, 0x00,
    0x00, 0x03, 0xff, 0x30, 0x00, 0x00, 0x9f, 0xc0, 0x00, 0xbf, 0xb0, 0x00,
    0x00, 0x1f, 0xf5, 0x00, 0x00, 0x00, 0x0d, 0xf8, 0x00, 0x00, 0x0e, 0xf7,
    0x00, 0x06, 0xff, 0x10, 0x00, 0x07, 0xfe, 0x10, 0x00, 0x00, 0x00, 0x8f,
    0xe0, 0x00, 0x05, 0xff, 0x20, 0x00, 0x1e, 0xf7, 0x00, 0x00, 0xcf, 0x90,
    0x00, 0x00, 0x00, 0x02, 0xff, 0x40, 0x00, 0xaf, 0xb0, 0x00, 0x00, 0xaf,
    0xc0, 0x00, 0x3f, 0xf4, 0x00, 0x00, 0x00, 0x00, 0x0c, 0xfa, 0x00, 0x1f,
    0xf6, 0x00, 0x00, 0x04, 0xff, 0x30, 0x08, 0xfd, 0x00, 0x00, 0x00, 0x00,
    0x00, 0x6f, 0xe1, 0x06, 0xfe, 0x10, 0x00, 0x00, 0x0e, 0xf8, 0x00, 0xdf,
    0x80, 0x00, 0x00, 0x00, 0x00, 0x01, 0xff, 0x60, 0xcf, 0xa0, 0x00, 0x00,
    0x00, 0x8f, 0xd0, 0x4f, 0xf3, 0x00, 0x00, 0x00, 0x00, 0x00, 0x0a, 0xfb,
    0x2f, 0xf4, 0x00, 0x00, 0x00, 0x03, 0xff, 0x49, 0xfc, 0x00, 0x00, 0x00,
    0x00, 0x00, 0x00, 0x5f, 0xf9, 0xfe, 0x00, 0x00, 0x00, 0x00, 0x0c, 0xfa,
    0xef, 0x70, 0x00, 0x00, 0x00, 0x00, 0x00, 0x00, 0xef, 0xff, 0x80, 0x00,
    0x00, 0x00, 0x00, 0x7f, 0xff, 0xf1, 0x00, 0x00, 0x00, 0x00, 0x00, 0x00,
    0x09, 0xff, 0xf3, 0x00, 0x00, 0x00, 0x00, 0x02, 0xff, 0xfb, 0x00, 0x00,
    0x00, 0x00, 0x00, 0x00, 0x00, 0x4f, 0xfc, 0x00, 0x00, 0x00, 0x00, 0x00,
    0x0b, 0xff, 0x50, 0x00, 0x00, 0x00, 0x00, 0x00, 0x00, 0x00, 0xdf, 0x70,
    0x00, 0x00, 0x00, 0x00, 0x00, 0x6f, 0xe1, 0x00, 0x00, 0x00, 0x00,

    /* U+0058 "X" */
    0x22, 0x21, 0x00, 0x00, 0x00, 0x00, 0x00, 0x00, 0x02, 0x22, 0x03, 0xff,
    0xb0, 0x00, 0x00, 0x00, 0x00, 0x00, 0x05, 0xff, 0x90, 0x05, 0xff, 0x90,
    0x00, 0x00, 0x00, 0x00, 0x03, 0xef, 0xb0, 0x00, 0x08, 0xff, 0x70, 0x00,
    0x00, 0x00, 0x02, 0xdf, 0xd1, 0x00, 0x00, 0x0a, 0xff, 0x50, 0x00, 0x00,
    0x01, 0xcf, 0xe2, 0x00, 0x00, 0x00, 0x0c, 0xfe, 0x30, 0x00, 0x00, 0xaf,
    0xf4, 0x00, 0x00, 0x00, 0x00, 0x1d, 0xfd, 0x10, 0x00, 0x8f, 0xf6, 0x00,
    0x00, 0x00, 0x00, 0x00, 0x3e, 0xfc, 0x10, 0x6f, 0xf8, 0x00, 0x00, 0x00,
    0x00, 0x00, 0x00, 0x5f, 0xfa, 0x4f, 0xfb, 0x00, 0x00, 0x00, 0x00, 0x00,
    0x00, 0x00, 0x7f, 0xff, 0xfc, 0x10, 0x00, 0x00, 0x00, 0x00, 0x00, 0x00,
    0x00, 0x9f, 0xfe, 0x20, 0x00, 0x00, 0x00, 0x00, 0x00, 0x00, 0x00, 0x0b,
    0xff, 0xe3, 0x00, 0x00, 0x00, 0x00, 0x00, 0x00, 0x00, 0x09, 0xff, 0xef,
    0xe2, 0x00, 0x00, 0x00, 0x00, 0x00, 0x00, 0x06, 0xff, 0x82, 0xef, 0xc1,
    0x00, 0x00, 0x00, 0x00, 0x00, 0x04, 0xff, 0xa0, 0x04, 0xff, 0xa0, 0x00,
    0x00, 0x00, 0x00, 0x02, 0xef, 0xc1, 0x00, 0x06, 0xff, 0x80, 0x00, 0x00,
    0x00, 0x01, 0xdf, 0xe2, 0x00, 0x00, 0x08, 0xff, 0x60, 0x00, 0x00, 0x00,
    0xcf, 0xe3, 0x00, 0x00, 0x00, 0x0b, 0xff, 0x40, 0x00, 0x00, 0xaf, 0xf5,
    0x00, 0x00, 0x00, 0x00, 0x1c, 0xfe, 0x20, 0x00, 0x7f, 0xf7, 0x00, 0x00,
    0x00, 0x00, 0x00, 0x2e, 0xfd, 0x10, 0x5f, 0xf9, 0x00, 0x00, 0x00, 0x00,
    0x00, 0x00, 0x3f, 0xfb, 0x00,

    /* U+0059 "Y" */
    0x02, 0x21, 0x00, 0x00, 0x00, 0x00, 0x00, 0x00, 0x00, 0x02, 0x21, 0x09,
    0xfe, 0x20, 0x00, 0x00, 0x00, 0x00, 0x00, 0x00, 0x7f, 0xf4, 0x01, 0xdf,
    0xc0, 0x00, 0x00, 0x00, 0x00, 0x00, 0x04, 0xff, 0x70, 0x00, 0x3f, 0xf9,
    0x00, 0x00, 0x00, 0x00, 0x00, 0x2e, 0xfb, 0x00, 0x00, 0x06, 0xff, 0x60,
    0x00, 0x00, 0x00, 0x00, 0xcf, 0xe1, 0x00, 0x00, 0x00, 0xaf, 0xf3, 0x00,
    0x00, 0x00, 0x09, 0xff, 0x40, 0x00, 0x00, 0x00, 0x1d, 0xfd, 0x10, 0x00,
    0x00, 0x6f, 0xf8, 0x00, 0x00, 0x00, 0x00, 0x03, 0xff, 0xb0, 0x00, 0x03,
    0xff, 0xc0, 0x00, 0x00, 0x00, 0x00, 0x00, 0x7f, 0xf8, 0x00, 0x1d, 0xfe,
    0x20, 0x00, 0x00, 0x00, 0x00, 0x00, 0x0b, 0xff, 0x50, 0xbf, 0xf5, 0x00,
    0x00, 0x00, 0x00, 0x00, 0x00, 0x01, 0xef, 0xea, 0xff, 0x90, 0x00, 0x00,
    0x00, 0x00, 0x00, 0x00, 0x00, 0x4f, 0xff, 0xfc, 0x00, 0x00, 0x00, 0x00,
    0x00, 0x00, 0x00, 0x00, 0x08, 0xff, 0xe2, 0x00, 0x00, 0x00, 0x00, 0x00,
    0x00, 0x00, 0x00, 0x00, 0xdf, 0x70, 0x00, 0x00, 0x00, 0x00, 0x00, 0x00,
    0x00, 0x00, 0x00, 0xdf, 0x70, 0x00, 0x00, 0x00, 0x00, 0x00, 0x00, 0x00,
    0x00, 0x00, 0xdf, 0x70, 0x00, 0x00, 0x00, 0x00, 0x00, 0x00, 0x00, 0x00,
    0x00, 0xdf, 0x70, 0x00, 0x00, 0x00, 0x00, 0x00, 0x00, 0x00, 0x00, 0x00,
    0xdf, 0x70, 0x00, 0x00, 0x00, 0x00, 0x00, 0x00, 0x00, 0x00, 0x00, 0xdf,
    0x70, 0x00, 0x00, 0x00, 0x00, 0x00, 0x00, 0x00, 0x00, 0x00, 0xdf, 0x70,
    0x00, 0x00, 0x00, 0x00, 0x00, 0x00, 0x00, 0x00, 0x00, 0xdf, 0x70, 0x00,
    0x00, 0x00, 0x00,

    /* U+005A "Z" */
    0x12, 0x22, 0x22, 0x22, 0x22, 0x22, 0x22, 0x22, 0x22, 0x22, 0x19, 0xff,
    0xff, 0xff, 0xff, 0xff, 0xff, 0xff, 0xff, 0xff, 0xf9, 0x9f, 0xff, 0xff,
    0xff, 0xff, 0xff, 0xff, 0xff, 0xff, 0xff, 0x91, 0x22, 0x22, 0x22, 0x22,
    0x22, 0x22, 0x22, 0x22, 0x8f, 0xf9, 0x00, 0x00, 0x00, 0x00, 0x00, 0x00,
    0x00, 0x00, 0x9f, 0xfc, 0x20, 0x00, 0x00, 0x00, 0x00, 0x00, 0x00, 0x01,
    0xbf, 0xfb, 0x10, 0x00, 0x00, 0x00, 0x00, 0x00, 0x00, 0x02, 0xdf, 0xf8,
    0x00, 0x00, 0x00, 0x00, 0x00, 0x00, 0x00, 0x04, 0xef, 0xf6, 0x00, 0x00,
    0x00, 0x00, 0x00, 0x00, 0x00, 0x06, 0xff, 0xe4, 0x00, 0x00, 0x00, 0x00,
    0x00, 0x00, 0x00, 0x09, 0xff, 0xd2, 0x00, 0x00, 0x00, 0x00, 0x00, 0x00,
    0x00, 0x1b, 0xff, 0xb1, 0x00, 0x00, 0x00, 0x00, 0x00, 0x00, 0x00, 0x2d,
    0xff, 0x90, 0x00, 0x00, 0x00, 0x00, 0x00, 0x00, 0x00, 0x4e, 0xff, 0x70,
    0x00, 0x00, 0x00, 0x00, 0x00, 0x00, 0x00, 0x6f, 0xfe, 0x40, 0x00, 0x00,
    0x00, 0x00, 0x00, 0x00, 0x00, 0x8f, 0xfd, 0x30, 0x00, 0x00, 0x00, 0x00,
    0x00, 0x00, 0x01, 0xaf, 0xfc, 0x10, 0x00, 0x00, 0x00, 0x00, 0x00, 0x00,
    0x02, 0xcf, 0xf9, 0x00, 0x00, 0x00, 0x00, 0x00, 0x00, 0x00, 0x03, 0xef,
    0xf7, 0x00, 0x00, 0x00, 0x00, 0x00, 0x00, 0x00, 0x00, 0x9f, 0xf9, 0x44,
    0x44, 0x44, 0x44, 0x44, 0x44, 0x44, 0x44, 0x29, 0xff, 0xff, 0xff, 0xff,
    0xff, 0xff, 0xff, 0xff, 0xff, 0xf9, 0x9f, 0xff, 0xff, 0xff, 0xff, 0xff,
    0xff, 0xff, 0xff, 0xff, 0x90,

    /* U+005B "[" */
    0x13, 0x33, 0x27, 0xff, 0xfb, 0x7f, 0xff, 0xb7, 0xfd, 0x21, 0x7f, 0xc0,
    0x07, 0xfc, 0x00, 0x7f, 0xc0, 0x07, 0xfc, 0x00, 0x7f, 0xc0, 0x07, 0xfc,
    0x00, 0x7f, 0xc0, 0x07, 0xfc, 0x00, 0x7f, 0xc0, 0x07, 0xfc, 0x00, 0x7f,
    0xc0, 0x07, 0xfc, 0x00, 0x7f, 0xc0, 0x07, 0xfc, 0x00, 0x7f, 0xd4, 0x37,
    0xff, 0xfb, 0x7f, 0xff, 0xb0,

    /* U+005C "\" */
    0x10, 0x00, 0x00, 0x00, 0x00, 0x00, 0x00, 0x0a, 0x10, 0x00, 0x00, 0x00,
    0x00, 0x00, 0x00, 0xda, 0x00, 0x00, 0x00, 0x00, 0x00, 0x00, 0x0c, 0xf7,
    0x00, 0x00, 0x00, 0x00, 0x00, 0x00, 0x3e, 0xf5, 0x00, 0x00, 0x00, 0x00,
    0x00, 0x00, 0x5f, 0xe2, 0x00, 0x00, 0x00, 0x00, 0x00, 0x00, 0x8f, 0xd1,
    0x00, 0x00, 0x00, 0x00, 0x00, 0x00, 0xbf, 0xb0, 0x00, 0x00, 0x00, 0x00,
    0x00, 0x01, 0xdf, 0x80, 0x00, 0x00, 0x00, 0x00, 0x00, 0x02, 0xef, 0x60,
    0x00, 0x00, 0x00, 0x00, 0x00, 0x04, 0xff, 0x30, 0x00, 0x00, 0x00, 0x00,
    0x00, 0x07, 0xfe, 0x20, 0x00, 0x00, 0x00, 0x00, 0x00, 0x0a, 0xfc, 0x00,
    0x00, 0x00, 0x00, 0x00, 0x00, 0x1c, 0xfa, 0x00, 0x00, 0x00, 0x00, 0x00,
    0x00, 0x2e, 0xf7, 0x00, 0x00, 0x00, 0x00, 0x00, 0x00, 0x4f, 0xf4, 0x00,
    0x00, 0x00, 0x00, 0x00, 0x00, 0x6f, 0xe2, 0x00, 0x00, 0x00, 0x00, 0x00,
    0x00, 0x9f, 0xd1, 0x00, 0x00, 0x00, 0x00, 0x00, 0x00, 0xcf, 0x50, 0x00,
    0x00, 0x00, 0x00, 0x00, 0x01, 0xd5, 0x00, 0x00, 0x00, 0x00, 0x00, 0x00,
    0x03, 0x50,

    /* U+005D "]" */
    0x23, 0x33, 0x29, 0xff, 0xf9, 0x9f, 0xff, 0x91, 0x2b, 0xf9, 0x00, 0xbf,
    0x90, 0x0b, 0xf9, 0x00, 0xbf, 0x90, 0x0b, 0xf9, 0x00, 0xbf, 0x90, 0x0b,
    0xf9, 0x00, 0xbf, 0x90, 0x0b, 0xf9, 0x00, 0xbf, 0x90, 0x0b, 0xf9, 0x00,
    0xbf, 0x90, 0x0b, 0xf9, 0x00, 0xbf, 0x90, 0x0b, 0xf9, 0x34, 0xcf, 0x99,
    0xff, 0xf9, 0x9f, 0xff, 0x90,

    /* U+005E "^" */
    0x12, 0x22, 0x22, 0x22, 0x22, 0x22, 0x21, 0x77, 0x66, 0x66, 0x66, 0x66,
    0x66, 0x77, 0x72, 0x00, 0x00, 0x00, 0x00, 0x00, 0x27, 0x72, 0x00, 0x00,
    0x00, 0x00, 0x00, 0x27, 0x72, 0x00, 0x00, 0x00, 0x00, 0x00, 0x27, 0x72,
    0x00, 0x00, 0x00, 0x00, 0x00, 0x27, 0x72, 0x00, 0x00, 0x00, 0x00, 0x00,
    0x27, 0x72, 0x00, 0x00, 0x00, 0x00, 0x00, 0x27, 0x72, 0x00, 0x00, 0x00,
    0x00, 0x00, 0x27, 0x72, 0x00, 0x00, 0x00, 0x00, 0x00, 0x27, 0x72, 0x00,
    0x00, 0x00, 0x00, 0x00, 0x27, 0x72, 0x00, 0x00, 0x00, 0x00, 0x00, 0x27,
    0x72, 0x00, 0x00, 0x00, 0x00, 0x00, 0x27, 0x72, 0x00, 0x00, 0x00, 0x00,
    0x00, 0x27, 0x72, 0x00, 0x00, 0x00, 0x00, 0x00, 0x27, 0x72, 0x00, 0x00,
    0x00, 0x00, 0x00, 0x27, 0x72, 0x00, 0x00, 0x00, 0x00, 0x00, 0x27, 0x72,
    0x00, 0x00, 0x00, 0x00, 0x00, 0x27, 0x72, 0x00, 0x00, 0x00, 0x00, 0x00,
    0x27, 0x72, 0x00, 0x00, 0x00, 0x00, 0x00, 0x27, 0x69, 0x88, 0x88, 0x88,
    0x88, 0x88, 0x97,

    /* U+005F "_" */
    0x7f, 0xff, 0xff, 0xff, 0xff, 0xff, 0xff, 0xff, 0xff, 0xff, 0xd7, 0xff,
    0xff, 0xff, 0xff, 0xff, 0xff, 0xff, 0xff, 0xff, 0xfd, 0x24, 0x44, 0x44,
    0x44, 0x44, 0x44, 0x44, 0x44, 0x44, 0x44, 0x40,

    /* U+0060 "`" */
    0x1c, 0xc3, 0x00, 0xcf, 0x70, 0x08, 0xfa, 0x00, 0x5f, 0xe0, 0x00, 0x11,
    0x00,

    /* U+0061 "a" */
    0x24, 0x44, 0x44, 0x44, 0x44, 0x44, 0x43, 0x10, 0x08, 0xff, 0xff, 0xff,
    0xff, 0xff, 0xff, 0xff, 0x90, 0x8f, 0xff, 0xff, 0xff, 0xff, 0xff, 0xff,
    0xff, 0x80, 0x11, 0x11, 0x11, 0x11, 0x11, 0x11, 0x19, 0xfe, 0x00, 0x00,
    0x00, 0x00, 0x00, 0x00, 0x00, 0x5f, 0xf0, 0x00, 0x00, 0x00, 0x00, 0x00,
    0x00, 0x05, 0xff, 0x00, 0x00, 0x00, 0x00, 0x00, 0x00, 0x00, 0x5f, 0xf2,
    0x44, 0x44, 0x44, 0x44, 0x44, 0x44, 0x47, 0xff, 0x8f, 0xff, 0xff, 0xff,
    0xff, 0xff, 0xff, 0xff, 0xf8, 0xff, 0xff, 0xff, 0xff, 0xff, 0xff, 0xff,
    0xff, 0x8f, 0xb0, 0x00, 0x00, 0x00, 0x00, 0x00, 0x5f, 0xf8, 0xfb, 0x00,
    0x00, 0x00, 0x00, 0x00, 0x05, 0xff, 0x8f, 0xb0, 0x00, 0x00, 0x00, 0x00,
    0x00, 0x5f, 0xf8, 0xfb, 0x00, 0x00, 0x00, 0x00, 0x00, 0x05, 0xff, 0x6f,
    0xf6, 0x44, 0x44, 0x44, 0x44, 0x44, 0x8f, 0xf1, 0xdf, 0xff, 0xff, 0xff,
    0xff, 0xff, 0xff, 0xff, 0x02, 0xae, 0xff, 0xff, 0xff, 0xff, 0xff, 0xff,
    0xf0,

    /* U+0062 "b" */
    0x48, 0x70, 0x00, 0x00, 0x00, 0x00, 0x00, 0x00, 0x00, 0x7f, 0xc0, 0x00,
    0x00, 0x00, 0x00, 0x00, 0x00, 0x00, 0x7f, 0xc0, 0x00, 0x00, 0x00, 0x00,
    0x00, 0x00, 0x00, 0x7f, 0xc0, 0x00, 0x00, 0x00, 0x00, 0x00, 0x00, 0x00,
    0x7f, 0xc0, 0x00, 0x00, 0x00, 0x00, 0x00, 0x00, 0x00, 0x7f, 0xd4, 0x44,
    0x44, 0x44, 0x44, 0x43, 0x10, 0x00, 0x7f, 0xff, 0xff, 0xff, 0xff, 0xff,
    0xff, 0xfa, 0x10, 0x7f, 0xff, 0xff, 0xff, 0xff, 0xff, 0xff, 0xff, 0x90,
    0x7f, 0xe3, 0x11, 0x11, 0x11, 0x11, 0x11, 0x8f, 0xe0, 0x7f, 0xc0, 0x00,
    0x00, 0x00, 0x00, 0x00, 0x4f, 0xf1, 0x7f, 0xc0, 0x00, 0x00, 0x00, 0x00,
    0x00, 0x4f, 0xf1, 0x7f, 0xc0, 0x00, 0x00, 0x00, 0x00, 0x00, 0x4f, 0xf1,
    0x7f, 0xc0, 0x00, 0x00, 0x00, 0x00, 0x00, 0x4f, 0xf1, 0x7f, 0xc0, 0x00,
    0x00, 0x00, 0x00, 0x00, 0x4f, 0xf1, 0x7f, 0xc0, 0x00, 0x00, 0x00, 0x00,
    0x00, 0x4f, 0xf1, 0x7f, 0xc0, 0x00, 0x00, 0x00, 0x00, 0x00, 0x4f, 0xf1,
    0x7f, 0xc0, 0x00, 0x00, 0x00, 0x00, 0x00, 0x4f, 0xf1, 0x7f, 0xc0, 0x00,
    0x00, 0x00, 0x00, 0x00, 0x4f, 0xf1, 0x7f, 0xc0, 0x00, 0x00, 0x00, 0x00,
    0x00, 0x4f, 0xf1, 0x7f, 0xf7, 0x44, 0x44, 0x44, 0x44, 0x45, 0xbf, 0xe0,
    0x7f, 0xff, 0xff, 0xff, 0xff, 0xff, 0xff, 0xff, 0x60, 0x7f, 0xff, 0xff,
    0xff, 0xff, 0xff, 0xff, 0xd6, 0x00,

    /* U+0063 "c" */
    0x00, 0x03, 0x44, 0x44, 0x44, 0x44, 0x44, 0x44, 0x30, 0x4e, 0xff, 0xff,
    0xff, 0xff, 0xff, 0xff, 0xfe, 0x2e, 0xff, 0xff, 0xff, 0xff, 0xff, 0xff,
    0xff, 0xe7, 0xfe, 0x31, 0x11, 0x11, 0x11, 0x11, 0x11, 0x11, 0x9f, 0xb0,
    0x00, 0x00, 0x00, 0x00, 0x00, 0x00, 0x09, 0xfb, 0x00, 0x00, 0x00, 0x00,
    0x00, 0x00, 0x00, 0x9f, 0xb0, 0x00, 0x00, 0x00, 0x00, 0x00, 0x00, 0x09,
    0xfb, 0x00, 0x00, 0x00, 0x00, 0x00, 0x00, 0x00, 0x9f, 0xb0, 0x00, 0x00,
    0x00, 0x00, 0x00, 0x00, 0x09, 0xfb, 0x00, 0x00, 0x00, 0x00, 0x00, 0x00,
    0x00, 0x9f, 0xb0, 0x00, 0x00, 0x00, 0x00, 0x00, 0x00, 0x09, 0xfb, 0x00,
    0x00, 0x00, 0x00, 0x00, 0x00, 0x00, 0x9f, 0xb0, 0x00, 0x00, 0x00, 0x00,
    0x00, 0x00, 0x09, 0xfb, 0x00, 0x00, 0x00, 0x00, 0x00, 0x00, 0x00, 0x6f,
    0xe6, 0x44, 0x44, 0x44, 0x44, 0x44, 0x44, 0x41, 0xdf, 0xff, 0xff, 0xff,
    0xff, 0xff, 0xff, 0xff, 0x02, 0xbe, 0xff, 0xff, 0xff, 0xff, 0xff, 0xff,
    0xf0,

    /* U+0064 "d" */
    0x00, 0x00, 0x00, 0x00, 0x00, 0x00, 0x00, 0x18, 0x82, 0x00, 0x00, 0x00,
    0x00, 0x00, 0x00, 0x00, 0x2f, 0xf3, 0x00, 0x00, 0x00, 0x00, 0x00, 0x00,
    0x00, 0x2f, 0xf3, 0x00, 0x00, 0x00, 0x00, 0x00, 0x00, 0x00, 0x2f, 0xf3,
    0x00, 0x00, 0x00, 0x00, 0x00, 0x00, 0x00, 0x2f, 0xf3, 0x00, 0x02, 0x34,
    0x44, 0x44, 0x44, 0x44, 0x5f, 0xf3, 0x02, 0xcf, 0xff, 0xff, 0xff, 0xff,
    0xff, 0xff, 0xf3, 0x0d, 0xff, 0xff, 0xff, 0xff, 0xff, 0xff, 0xff, 0xf3,
    0x4f, 0xf5, 0x11, 0x11, 0x11, 0x11, 0x11, 0x7f, 0xf3, 0x5f, 0xf0, 0x00,
    0x00, 0x00, 0x00, 0x00, 0x2f, 0xf3, 0x5f, 0xf0, 0x00, 0x00, 0x00, 0x00,
    0x00, 0x2f, 0xf3, 0x5f, 0xf0, 0x00, 0x00, 0x00, 0x00, 0x00, 0x2f, 0xf3,
    0x5f, 0xf0, 0x00, 0x00, 0x00, 0x00, 0x00, 0x2f, 0xf3, 0x5f, 0xf0, 0x00,
    0x00, 0x00, 0x00, 0x00, 0x2f, 0xf3, 0x5f, 0xf0, 0x00, 0x00, 0x00, 0x00,
    0x00, 0x2f, 0xf3, 0x5f, 0xf0, 0x00, 0x00, 0x00, 0x00, 0x00, 0x2f, 0xf3,
    0x5f, 0xf0, 0x00, 0x00, 0x00, 0x00, 0x00, 0x2f, 0xf3, 0x5f, 0xf0, 0x00,
    0x00, 0x00, 0x00, 0x00, 0x2f, 0xf3, 0x5f, 0xf0, 0x00, 0x00, 0x00, 0x00,
    0x00, 0x2f, 0xf3, 0x3f, 0xf8, 0x44, 0x44, 0x44, 0x44, 0x44, 0x9f, 0xf3,
    0x0b, 0xff, 0xff, 0xff, 0xff, 0xff, 0xff, 0xff, 0xf3, 0x01, 0x9e, 0xff,
    0xff, 0xff, 0xff, 0xff, 0xff, 0xf3,

    /* U+0065 "e" */
    0x00, 0x03, 0x44, 0x44, 0x44, 0x44, 0x43, 0x10, 0x00, 0x4e, 0xff, 0xff,
    0xff, 0xff, 0xff, 0xff, 0x90, 0x2e, 0xff, 0xff, 0xff, 0xff, 0xff, 0xff,
    0xff, 0x77, 0xfe, 0x31, 0x11, 0x11, 0x11, 0x11, 0x1a, 0xfd, 0x9f, 0xb0,
    0x00, 0x00, 0x00, 0x00, 0x00, 0x5f, 0xf9, 0xfb, 0x00, 0x00, 0x00, 0x00,
    0x00, 0x05, 0xff, 0x9f, 0xb0, 0x00, 0x00, 0x00, 0x00, 0x00, 0x5f, 0xf9,
    0xfc, 0x44, 0x44, 0x44, 0x44, 0x44, 0x48, 0xff, 0x9f, 0xff, 0xff, 0xff,
    0xff, 0xff, 0xff, 0xff, 0xf9, 0xff, 0xff, 0xff, 0xff, 0xff, 0xff, 0xff,
    0xff, 0x9f, 0xb0, 0x00, 0x00, 0x00, 0x00, 0x00, 0x00, 0x09, 0xfb, 0x00,
    0x00, 0x00, 0x00, 0x00, 0x00, 0x00, 0x9f, 0xb0, 0x00, 0x00, 0x00, 0x00,
    0x00, 0x00, 0x09, 0xfb, 0x00, 0x00, 0x00, 0x00, 0x00, 0x00, 0x00, 0x6f,
    0xe6, 0x44, 0x44, 0x44, 0x44, 0x44, 0x44, 0x41, 0xdf, 0xff, 0xff, 0xff,
    0xff, 0xff, 0xff, 0xff, 0x02, 0xbe, 0xff, 0xff, 0xff, 0xff, 0xff, 0xff,
    0xf0,

    /* U+0066 "f" */
    0x00, 0x48, 0x88, 0x88, 0x87, 0x08, 0xff, 0xff, 0xff, 0xfc, 0x3f, 0xfd,
    0xbb, 0xbb, 0xb9, 0x7f, 0xd0, 0x00, 0x00, 0x00, 0x8f, 0xc0, 0x00, 0x00,
    0x00, 0x8f, 0xd4, 0x44, 0x44, 0x43, 0x8f, 0xff, 0xff, 0xff, 0xfc, 0x8f,
    0xff, 0xff, 0xff, 0xfc, 0x8f, 0xc1, 0x11, 0x11, 0x11, 0x8f, 0xc0, 0x00,
    0x00, 0x00, 0x8f, 0xc0, 0x00, 0x00, 0x00, 0x8f, 0xc0, 0x00, 0x00, 0x00,
    0x8f, 0xc0, 0x00, 0x00, 0x00, 0x8f, 0xc0, 0x00, 0x00, 0x00, 0x8f, 0xc0,
    0x00, 0x00, 0x00, 0x8f, 0xc0, 0x00, 0x00, 0x00, 0x8f, 0xc0, 0x00, 0x00,
    0x00, 0x8f, 0xc0, 0x00, 0x00, 0x00, 0x8f, 0xc0, 0x00, 0x00, 0x00, 0x8f,
    0xc0, 0x00, 0x00, 0x00, 0x8f, 0xc0, 0x00, 0x00, 0x00, 0x8f, 0xc0, 0x00,
    0x00, 0x00,

    /* U+0067 "g" */
    0x00, 0x13, 0x44, 0x44, 0x44, 0x44, 0x43, 0x10, 0x00, 0x7f, 0xff, 0xff,
    0xff, 0xff, 0xff, 0xfe, 0x50, 0x6f, 0xff, 0xff, 0xff, 0xff, 0xff, 0xff,
    0xff, 0x3c, 0xfb, 0x11, 0x11, 0x11, 0x11, 0x11, 0x2d, 0xf9, 0xdf, 0x70,
    0x00, 0x00, 0x00, 0x00, 0x00, 0x9f, 0xad, 0xf7, 0x00, 0x00, 0x00, 0x00,
    0x00, 0x09, 0xfa, 0xdf, 0x70, 0x00, 0x00, 0x00, 0x00, 0x00, 0x9f, 0xad,
    0xf7, 0x00, 0x00, 0x00, 0x00, 0x00, 0x09, 0xfa, 0xdf, 0x70, 0x00, 0x00,
    0x00, 0x00, 0x00, 0x9f, 0xad, 0xf7, 0x00, 0x00, 0x00, 0x00, 0x00, 0x09,
    0xfa, 0xdf, 0x70, 0x00, 0x00, 0x00, 0x00, 0x00, 0x9f, 0xad, 0xf7, 0x00,
    0x00, 0x00, 0x00, 0x00, 0x09, 0xfa, 0xdf, 0x70, 0x00, 0x00, 0x00, 0x00,
    0x00, 0x9f, 0xad, 0xf7, 0x00, 0x00, 0x00, 0x00, 0x00, 0x0a, 0xfa, 0xbf,
    0xd5, 0x44, 0x44, 0x44, 0x44, 0x45, 0xef, 0xa4, 0xff, 0xff, 0xff, 0xff,
    0xff, 0xff, 0xff, 0xfa, 0x04, 0xcf, 0xff, 0xff, 0xff, 0xff, 0xff, 0xff,
    0xa0, 0x00, 0x00, 0x00, 0x00, 0x00, 0x00, 0x09, 0xfa, 0x00, 0x00, 0x00,
    0x00, 0x00, 0x00, 0x00, 0x9f, 0xa0, 0x00, 0x00, 0x00, 0x00, 0x00, 0x00,
    0x09, 0xfa, 0x00, 0x00, 0x00, 0x00, 0x00, 0x00, 0x00, 0xcf, 0x90, 0x00,
    0xce, 0xee, 0xee, 0xee, 0xee, 0xef, 0xf4, 0x00, 0x0d, 0xff, 0xff, 0xff,
    0xff, 0xff, 0xf8, 0x00, 0x00, 0x56, 0x66, 0x66, 0x66, 0x66, 0x62, 0x00,

    /* U+0068 "h" */
    0x48, 0x70, 0x00, 0x00, 0x00, 0x00, 0x00, 0x00, 0x00, 0x7f, 0xc0, 0x00,
    0x00, 0x00, 0x00, 0x00, 0x00, 0x00, 0x7f, 0xc0, 0x00, 0x00, 0x00, 0x00,
    0x00, 0x00, 0x00, 0x7f, 0xc0, 0x00, 0x00, 0x00, 0x00, 0x00, 0x00, 0x00,
    0x7f, 0xc0, 0x00, 0x00, 0x00, 0x00, 0x00, 0x00, 0x00, 0x7f, 0xd4, 0x44,
    0x44, 0x44, 0x44, 0x43, 0x10, 0x00, 0x7f, 0xff, 0xff, 0xff, 0xff, 0xff,
    0xff, 0xfa, 0x10, 0x7f, 0xff, 0xff, 0xff, 0xff, 0xff, 0xff, 0xff, 0x90,
    0x7f, 0xe3, 0x11, 0x11, 0x11, 0x11, 0x11, 0x8f, 0xe0, 0x7f, 0xc0, 0x00,
    0x00, 0x00, 0x00, 0x00, 0x4f, 0xf1, 0x7f, 0xc0, 0x00, 0x00, 0x00, 0x00,
    0x00, 0x4f, 0xf1, 0x7f, 0xc0, 0x00, 0x00, 0x00, 0x00, 0x00, 0x4f, 0xf1,
    0x7f, 0xc0, 0x00, 0x00, 0x00, 0x00, 0x00, 0x4f, 0xf1, 0x7f, 0xc0, 0x00,
    0x00, 0x00, 0x00, 0x00, 0x4f, 0xf1, 0x7f, 0xc0, 0x00, 0x00, 0x00, 0x00,
    0x00, 0x4f, 0xf1, 0x7f, 0xc0, 0x00, 0x00, 0x00, 0x00, 0x00, 0x4f, 0xf1,
    0x7f, 0xc0, 0x00, 0x00, 0x00, 0x00, 0x00, 0x4f, 0xf1, 0x7f, 0xc0, 0x00,
    0x00, 0x00, 0x00, 0x00, 0x4f, 0xf1, 0x7f, 0xc0, 0x00, 0x00, 0x00, 0x00,
    0x00, 0x4f, 0xf1, 0x7f, 0xc0, 0x00, 0x00, 0x00, 0x00, 0x00, 0x4f, 0xf1,
    0x7f, 0xc0, 0x00, 0x00, 0x00, 0x00, 0x00, 0x4f, 0xf1, 0x7f, 0xc0, 0x00,
    0x00, 0x00, 0x00, 0x00, 0x4f, 0xf1,

    /* U+0069 "i" */
    0x58, 0x68, 0xfb, 0x6b, 0x80, 0x00, 0x00, 0x02, 0x43, 0x8f, 0xb8, 0xfb,
    0x8f, 0xb8, 0xfb, 0x8f, 0xb8, 0xfb, 0x8f, 0xb8, 0xfb, 0x8f, 0xb8, 0xfb,
    0x8f, 0xb8, 0xfb, 0x8f, 0xb8, 0xfb, 0x8f, 0xb8, 0xfb,

    /* U+006A "j" */
    0x00, 0x00, 0x00, 0x00, 0x28, 0x80, 0x00, 0x00, 0x00, 0x00, 0x4f, 0xf1,
    0x00, 0x00, 0x00, 0x00, 0x3b, 0xb0, 0x00, 0x00, 0x00, 0x00, 0x00, 0x00,
    0x00, 0x00, 0x00, 0x00, 0x00, 0x00, 0x00, 0x00, 0x00, 0x00, 0x14, 0x40,
    0x00, 0x00, 0x00, 0x00, 0x4f, 0xf1, 0x00, 0x00, 0x00, 0x00, 0x4f, 0xf1,
    0x00, 0x00, 0x00, 0x00, 0x4f, 0xf1, 0x00, 0x00, 0x00, 0x00, 0x4f, 0xf1,
    0x00, 0x00, 0x00, 0x00, 0x4f, 0xf1, 0x00, 0x00, 0x00, 0x00, 0x4f, 0xf1,
    0x00, 0x00, 0x00, 0x00, 0x4f, 0xf1, 0x00, 0x00, 0x00, 0x00, 0x4f, 0xf1,
    0x00, 0x00, 0x00, 0x00, 0x4f, 0xf1, 0x00, 0x00, 0x00, 0x00, 0x4f, 0xf1,
    0x00, 0x00, 0x00, 0x00, 0x4f, 0xf1, 0x00, 0x00, 0x00, 0x00, 0x4f, 0xf1,
    0x00, 0x00, 0x00, 0x00, 0x4f, 0xf1, 0x00, 0x00, 0x00, 0x00, 0x4f, 0xf1,
    0x00, 0x00, 0x00, 0x00, 0x4f, 0xf1, 0x00, 0x00, 0x00, 0x00, 0x4f, 0xf1,
    0x00, 0x00, 0x00, 0x00, 0x4f, 0xf1, 0x00, 0x00, 0x00, 0x00, 0x4f, 0xf1,
    0x00, 0x00, 0x00, 0x00, 0x4f, 0xf1, 0x00, 0x00, 0x00, 0x00, 0x5f, 0xf0,
    0x28, 0x88, 0x88, 0x88, 0xdf, 0xc0, 0x4f, 0xff, 0xff, 0xff, 0xff, 0x40,
    0x3c, 0xcc, 0xcc, 0xcc, 0xa3, 0x00,

    /* U+006B "k" */
    0x48, 0x70, 0x00, 0x00, 0x00, 0x00, 0x00, 0x00, 0x07, 0xfc, 0x00, 0x00,
    0x00, 0x00, 0x00, 0x00, 0x00, 0x7f, 0xc0, 0x00, 0x00, 0x00, 0x00, 0x00,
    0x00, 0x07, 0xfc, 0x00, 0x00, 0x00, 0x00, 0x00, 0x00, 0x00, 0x7f, 0xc0,
    0x00, 0x00, 0x00, 0x00, 0x00, 0x00, 0x07, 0xfc, 0x00, 0x00, 0x00, 0x00,
    0x00, 0x24, 0x42, 0x7f, 0xc0, 0x00, 0x00, 0x00, 0x00, 0x2d, 0xfe, 0x27,
    0xfc, 0x00, 0x00, 0x00, 0x00, 0x1d, 0xfe, 0x30, 0x7f, 0xc0, 0x00, 0x00,
    0x00, 0x1c, 0xff, 0x40, 0x07, 0xfc, 0x00, 0x00, 0x00, 0x0b, 0xff, 0x50,
    0x00, 0x7f, 0xc0, 0x00, 0x00, 0x0a, 0xff, 0x60, 0x00, 0x07, 0xfc, 0x00,
    0x00, 0x09, 0xff, 0x70, 0x00, 0x00, 0x7f, 0xd4, 0x44, 0x48, 0xff, 0x90,
    0x00, 0x00, 0x07, 0xff, 0xff, 0xff, 0xff, 0xa0, 0x00, 0x00, 0x00, 0x7f,
    0xff, 0xff, 0xff, 0xfc, 0x10, 0x00, 0x00, 0x07, 0xfc, 0x00, 0x00, 0x5f,
    0xfb, 0x10, 0x00, 0x00, 0x7f, 0xc0, 0x00, 0x00, 0x6f, 0xfa, 0x00, 0x00,
    0x07, 0xfc, 0x00, 0x00, 0x00, 0x7f, 0xf9, 0x00, 0x00, 0x7f, 0xc0, 0x00,
    0x00, 0x00, 0x8f, 0xf8, 0x00, 0x07, 0xfc, 0x00, 0x00, 0x00, 0x00, 0x9f,
    0xf6, 0x00, 0x7f, 0xc0, 0x00, 0x00, 0x00, 0x00, 0xaf, 0xf5, 0x07, 0xfc,
    0x00, 0x00, 0x00, 0x00, 0x00, 0xbf, 0xf4,

    /* U+006C "l" */
    0x58, 0x60, 0x00, 0x08, 0xfb, 0x00, 0x00, 0x8f, 0xb0, 0x00, 0x08, 0xfb,
    0x00, 0x00, 0x8f, 0xb0, 0x00, 0x08, 0xfb, 0x00, 0x00, 0x8f, 0xb0, 0x00,
    0x08, 0xfb, 0x00, 0x00, 0x8f, 0xb0, 0x00, 0x08, 0xfb, 0x00, 0x00, 0x8f,
    0xb0, 0x00, 0x08, 0xfb, 0x00, 0x00, 0x8f, 0xb0, 0x00, 0x08, 0xfb, 0x00,
    0x00, 0x8f, 0xb0, 0x00, 0x08, 0xfb, 0x00, 0x00, 0x8f, 0xb0, 0x00, 0x08,
    0xfb, 0x00, 0x00, 0x8f, 0xb0, 0x00, 0x06, 0xff, 0x64, 0x43, 0x1d, 0xff,
    0xff, 0x90, 0x2a, 0xef, 0xf9,

    /* U+006D "m" */
    0x24, 0x44, 0x44, 0x44, 0x44, 0x44, 0x44, 0x44, 0x44, 0x44, 0x43, 0x20,
    0x00, 0x7f, 0xff, 0xff, 0xff, 0xff, 0xff, 0xff, 0xff, 0xff, 0xff, 0xff,
    0xfc, 0x20, 0x7f, 0xff, 0xff, 0xff, 0xff, 0xff, 0xff, 0xff, 0xff, 0xff,
    0xff, 0xff, 0xd0, 0x7f, 0xf3, 0x11, 0x11, 0x11, 0x18, 0xff, 0x71, 0x11,
    0x11, 0x11, 0x4f, 0xf4, 0x7f, 0xd0, 0x00, 0x00, 0x00, 0x03, 0xff, 0x20,
    0x00, 0x00, 0x00, 0x0e, 0xf5, 0x7f, 0xd0, 0x00, 0x00, 0x00, 0x03, 0xff,
    0x20, 0x00, 0x00, 0x00, 0x0e, 0xf5, 0x7f, 0xd0, 0x00, 0x00, 0x00, 0x03,
    0xff, 0x20, 0x00, 0x00, 0x00, 0x0e, 0xf5, 0x7f, 0xd0, 0x00, 0x00, 0x00,
    0x03, 0xff, 0x20, 0x00, 0x00, 0x00, 0x0e, 0xf5, 0x7f, 0xd0, 0x00, 0x00,
    0x00, 0x03, 0xff, 0x20, 0x00, 0x00, 0x00, 0x0e, 0xf5, 0x7f, 0xd0, 0x00,
    0x00, 0x00, 0x03, 0xff, 0x20, 0x00, 0x00, 0x00, 0x0e, 0xf5, 0x7f, 0xd0,
    0x00, 0x00, 0x00, 0x03, 0xff, 0x20, 0x00, 0x00, 0x00, 0x0e, 0xf5, 0x7f,
    0xd0, 0x00, 0x00, 0x00, 0x03, 0xff, 0x20, 0x00, 0x00, 0x00, 0x0e, 0xf5,
    0x7f, 0xd0, 0x00, 0x00, 0x00, 0x03, 0xff, 0x20, 0x00, 0x00, 0x00, 0x0e,
    0xf5, 0x7f, 0xd0, 0x00, 0x00, 0x00, 0x03, 0xff, 0x20, 0x00, 0x00, 0x00,
    0x0e, 0xf5, 0x7f, 0xd0, 0x00, 0x00, 0x00, 0x03, 0xff, 0x20, 0x00, 0x00,
    0x00, 0x0e, 0xf5, 0x7f, 0xd0, 0x00, 0x00, 0x00, 0x03, 0xff, 0x20, 0x00,
    0x00, 0x00, 0x0e, 0xf5, 0x7f, 0xd0, 0x00, 0x00, 0x00, 0x03, 0xff, 0x20,
    0x00, 0x00, 0x00, 0x0e, 0xf5,

    /* U+006E "n" */
    0x24, 0x44, 0x44, 0x44, 0x44, 0x44, 0x43, 0x10, 0x00, 0x7f, 0xff, 0xff,
    0xff, 0xff, 0xff, 0xff, 0xfa, 0x10, 0x7f, 0xff, 0xff, 0xff, 0xff, 0xff,
    0xff, 0xff, 0x90, 0x7f, 0xe3, 0x11, 0x11, 0x11, 0x11, 0x11, 0x8f, 0xe0,
    0x7f, 0xc0, 0x00, 0x00, 0x00, 0x00, 0x00, 0x4f, 0xf1, 0x7f, 0xc0, 0x00,
    0x00, 0x00, 0x00, 0x00, 0x4f, 0xf1, 0x7f, 0xc0, 0x00, 0x00, 0x00, 0x00,
    0x00, 0x4f, 0xf1, 0x7f, 0xc0, 0x00, 0x00, 0x00, 0x00, 0x00, 0x4f, 0xf1,
    0x7f, 0xc0, 0x00, 0x00, 0x00, 0x00, 0x00, 0x4f, 0xf1, 0x7f, 0xc0, 0x00,
    0x00, 0x00, 0x00, 0x00, 0x4f, 0xf1, 0x7f, 0xc0, 0x00, 0x00, 0x00, 0x00,
    0x00, 0x4f, 0xf1, 0x7f, 0xc0, 0x00, 0x00, 0x00, 0x00, 0x00, 0x4f, 0xf1,
    0x7f, 0xc0, 0x00, 0x00, 0x00, 0x00, 0x00, 0x4f, 0xf1, 0x7f, 0xc0, 0x00,
    0x00, 0x00, 0x00, 0x00, 0x4f, 0xf1, 0x7f, 0xc0, 0x00, 0x00, 0x00, 0x00,
    0x00, 0x4f, 0xf1, 0x7f, 0xc0, 0x00, 0x00, 0x00, 0x00, 0x00, 0x4f, 0xf1,
    0x7f, 0xc0, 0x00, 0x00, 0x00, 0x00, 0x00, 0x4f, 0xf1,

    /* U+006F "o" */
    0x00, 0x03, 0x44, 0x44, 0x44, 0x44, 0x43, 0x10, 0x00, 0x4e, 0xff, 0xff,
    0xff, 0xff, 0xff, 0xff, 0x90, 0x2e, 0xff, 0xff, 0xff, 0xff, 0xff, 0xff,
    0xff, 0x77, 0xfe, 0x31, 0x11, 0x11, 0x11, 0x11, 0x1a, 0xfd, 0x9f, 0xb0,
    0x00, 0x00, 0x00, 0x00, 0x00, 0x5f, 0xf9, 0xfb, 0x00, 0x00, 0x00, 0x00,
    0x00, 0x05, 0xff, 0x9f, 0xb0, 0x00, 0x00, 0x00, 0x00, 0x00, 0x5f, 0xf9,
    0xfb, 0x00, 0x00, 0x00, 0x00, 0x00, 0x05, 0xff, 0x9f, 0xb0, 0x00, 0x00,
    0x00, 0x00, 0x00, 0x5f, 0xf9, 0xfb, 0x00, 0x00, 0x00, 0x00, 0x00, 0x05,
    0xff, 0x9f, 0xb0, 0x00, 0x00, 0x00, 0x00, 0x00, 0x5f, 0xf9, 0xfb, 0x00,
    0x00, 0x00, 0x00, 0x00, 0x05, 0xff, 0x9f, 0xb0, 0x00, 0x00, 0x00, 0x00,
    0x00, 0x5f, 0xf9, 0xfb, 0x00, 0x00, 0x00, 0x00, 0x00, 0x05, 0xfe, 0x6f,
    0xe6, 0x44, 0x44, 0x44, 0x44, 0x45, 0xcf, 0xc1, 0xdf, 0xff, 0xff, 0xff,
    0xff, 0xff, 0xff, 0xf5, 0x02, 0xbe, 0xff, 0xff, 0xff, 0xff, 0xff, 0xd5,
    0x00,

    /* U+0070 "p" */
    0x24, 0x44, 0x44, 0x44, 0x44, 0x44, 0x43, 0x10, 0x00, 0x7f, 0xff, 0xff,
    0xff, 0xff, 0xff, 0xff, 0xfa, 0x10, 0x7f, 0xff, 0xff, 0xff, 0xff, 0xff,
    0xff, 0xff, 0x90, 0x7f, 0xe3, 0x11, 0x11, 0x11, 0x11, 0x11, 0x8f, 0xe0,
    0x7f, 0xc0, 0x00, 0x00, 0x00, 0x00, 0x00, 0x4f, 0xf1, 0x7f, 0xc0, 0x00,
    0x00, 0x00, 0x00, 0x00, 0x4f, 0xf1, 0x7f, 0xc0, 0x00, 0x00, 0x00, 0x00,
    0x00, 0x4f, 0xf1, 0x7f, 0xc0, 0x00, 0x00, 0x00, 0x00, 0x00, 0x4f, 0xf1,
    0x7f, 0xc0, 0x00, 0x00, 0x00, 0x00, 0x00, 0x4f, 0xf1, 0x7f, 0xc0, 0x00,
    0x00, 0x00, 0x00, 0x00, 0x4f, 0xf1, 0x7f, 0xc0, 0x00, 0x00, 0x00, 0x00,
    0x00, 0x4f, 0xf1, 0x7f, 0xc0, 0x00, 0x00, 0x00, 0x00, 0x00, 0x4f, 0xf1,
    0x7f, 0xc0, 0x00, 0x00, 0x00, 0x00, 0x00, 0x4f, 0xf1, 0x7f, 0xc0, 0x00,
    0x00, 0x00, 0x00, 0x00, 0x4f, 0xf1, 0x7f, 0xf7, 0x44, 0x44, 0x44, 0x44,
    0x45, 0xbf, 0xe0, 0x7f, 0xff, 0xff, 0xff, 0xff, 0xff, 0xff, 0xff, 0x60,
    0x7f, 0xff, 0xff, 0xff, 0xff, 0xff, 0xff, 0xd6, 0x00, 0x7f, 0xc0, 0x00,
    0x00, 0x00, 0x00, 0x00, 0x00, 0x00, 0x7f, 0xc0, 0x00, 0x00, 0x00, 0x00,
    0x00, 0x00, 0x00, 0x7f, 0xc0, 0x00, 0x00, 0x00, 0x00, 0x00, 0x00, 0x00,
    0x7f, 0xc0, 0x00, 0x00, 0x00, 0x00, 0x00, 0x00, 0x00, 0x7f, 0xc0, 0x00,
    0x00, 0x00, 0x00, 0x00, 0x00, 0x00, 0x7f, 0xc0, 0x00, 0x00, 0x00, 0x00,
    0x00, 0x00, 0x00, 0x37, 0x50, 0x00, 0x00, 0x00, 0x00, 0x00, 0x00, 0x00,

    /* U+0071 "q" */
    0x00, 0x03, 0x44, 0x44, 0x44, 0x44, 0x44, 0x44, 0x40, 0x03, 0xdf, 0xff,
    0xff, 0xff, 0xff, 0xff, 0xff, 0xf2, 0x1e, 0xff, 0xff, 0xff, 0xff, 0xff,
    0xff, 0xff, 0xf2, 0x5f, 0xf4, 0x11, 0x11, 0x11, 0x11, 0x11, 0x8f, 0xf2,
    0x7f, 0xd0, 0x00, 0x00, 0x00, 0x00, 0x00, 0x3f, 0xf2, 0x7f, 0xd0, 0x00,
    0x00, 0x00, 0x00, 0x00, 0x3f, 0xf2, 0x7f, 0xd0, 0x00, 0x00, 0x00, 0x00,
    0x00, 0x3f, 0xf2, 0x7f, 0xd0, 0x00, 0x00, 0x00, 0x00, 0x00, 0x3f, 0xf2,
    0x7f, 0xd0, 0x00, 0x00, 0x00, 0x00, 0x00, 0x3f, 0xf2, 0x7f, 0xd0, 0x00,
    0x00, 0x00, 0x00, 0x00, 0x3f, 0xf2, 0x7f, 0xd0, 0x00, 0x00, 0x00, 0x00,
    0x00, 0x3f, 0xf2, 0x7f, 0xd0, 0x00, 0x00, 0x00, 0x00, 0x00, 0x3f, 0xf2,
    0x7f, 0xd0, 0x00, 0x00, 0x00, 0x00, 0x00, 0x3f, 0xf2, 0x6f, 0xe0, 0x00,
    0x00, 0x00, 0x00, 0x00, 0x3f, 0xf2, 0x4f, 0xf7, 0x44, 0x44, 0x44, 0x44,
    0x45, 0xaf, 0xf2, 0x0c, 0xff, 0xff, 0xff, 0xff, 0xff, 0xff, 0xff, 0xf2,
    0x01, 0xae, 0xff, 0xff, 0xff, 0xff, 0xff, 0xff, 0xf2, 0x00, 0x00, 0x00,
    0x00, 0x00, 0x00, 0x00, 0x3f, 0xf2, 0x00, 0x00, 0x00, 0x00, 0x00, 0x00,
    0x00, 0x3f, 0xf2, 0x00, 0x00, 0x00, 0x00, 0x00, 0x00, 0x00, 0x3f, 0xf2,
    0x00, 0x00, 0x00, 0x00, 0x00, 0x00, 0x00, 0x3f, 0xf2, 0x00, 0x00, 0x00,
    0x00, 0x00, 0x00, 0x00, 0x3f, 0xf2, 0x00, 0x00, 0x00, 0x00, 0x00, 0x00,
    0x00, 0x3f, 0xf2, 0x00, 0x00, 0x00, 0x00, 0x00, 0x00, 0x00, 0x17, 0x71,

    /* U+0072 "r" */
    0x00, 0x03, 0x44, 0x44, 0x44, 0x44, 0x30, 0x4d, 0xff, 0xff, 0xff, 0xff,
    0xff, 0x2e, 0xff, 0xff, 0xff, 0xff, 0xff, 0xf7, 0xfe, 0x31, 0x11, 0x11,
    0x11, 0x11, 0x8f, 0xb0, 0x00, 0x00, 0x00, 0x00, 0x08, 0xfb, 0x00, 0x00,
    0x00, 0x00, 0x00, 0x8f, 0xb0, 0x00, 0x00, 0x00, 0x00, 0x08, 0xfb, 0x00,
    0x00, 0x00, 0x00, 0x00, 0x8f, 0xb0, 0x00, 0x00, 0x00, 0x00, 0x08, 0xfb,
    0x00, 0x00, 0x00, 0x00, 0x00, 0x8f, 0xb0, 0x00, 0x00, 0x00, 0x00, 0x08,
    0xfb, 0x00, 0x00, 0x00, 0x00, 0x00, 0x8f, 0xb0, 0x00, 0x00, 0x00, 0x00,
    0x08, 0xfb, 0x00, 0x00, 0x00, 0x00, 0x00, 0x8f, 0xb0, 0x00, 0x00, 0x00,
    0x00, 0x08, 0xfb, 0x00, 0x00, 0x00, 0x00, 0x00, 0x8f, 0xb0, 0x00, 0x00,
    0x00, 0x00, 0x00,

    /* U+0073 "s" */
    0x00, 0x13, 0x44, 0x44, 0x44, 0x44, 0x43, 0x10, 0x00, 0x5e, 0xff, 0xff,
    0xff, 0xff, 0xff, 0xff, 0x80, 0x3f, 0xff, 0xff, 0xff, 0xff, 0xff, 0xff,
    0xff, 0x68, 0xfd, 0x21, 0x11, 0x11, 0x11, 0x11, 0x1b, 0xfc, 0xaf, 0xa0,
    0x00, 0x00, 0x00, 0x00, 0x00, 0x26, 0x5a, 0xfa, 0x00, 0x00, 0x00, 0x00,
    0x00, 0x00, 0x00, 0xaf, 0xa0, 0x00, 0x00, 0x00, 0x00, 0x00, 0x00, 0x08,
    0xfe, 0x54, 0x44, 0x44, 0x44, 0x44, 0x41, 0x00, 0x2e, 0xff, 0xff, 0xff,
    0xff, 0xff, 0xff, 0xf8, 0x00, 0x3c, 0xff, 0xff, 0xff, 0xff, 0xff, 0xff,
    0xf6, 0x00, 0x00, 0x00, 0x00, 0x00, 0x00, 0x01, 0xbf, 0xc0, 0x00, 0x00,
    0x00, 0x00, 0x00, 0x00, 0x07, 0xfd, 0x00, 0x00, 0x00, 0x00, 0x00, 0x00,
    0x00, 0x7f, 0xd6, 0x96, 0x00, 0x00, 0x00, 0x00, 0x00, 0x07, 0xfd, 0x8f,
    0xe6, 0x44, 0x44, 0x44, 0x44, 0x45, 0xdf, 0xb2, 0xef, 0xff, 0xff, 0xff,
    0xff, 0xff, 0xff, 0xf4, 0x03, 0xbf, 0xff, 0xff, 0xff, 0xff, 0xff, 0xc5,
    0x00,

    /* U+0074 "t" */
    0x48, 0x70, 0x00, 0x00, 0x00, 0x8f, 0xc0, 0x00, 0x00, 0x00, 0x8f, 0xc0,
    0x00, 0x00, 0x00, 0x8f, 0xc0, 0x00, 0x00, 0x00, 0x8f, 0xc0, 0x00, 0x00,
    0x00, 0x8f, 0xd4, 0x44, 0x44, 0x43, 0x8f, 0xff, 0xff, 0xff, 0xfc, 0x8f,
    0xff, 0xff, 0xff, 0xfc, 0x8f, 0xc1, 0x11, 0x11, 0x11, 0x8f, 0xc0, 0x00,
    0x00, 0x00, 0x8f, 0xc0, 0x00, 0x00, 0x00, 0x8f, 0xc0, 0x00, 0x00, 0x00,
    0x8f, 0xc0, 0x00, 0x00, 0x00, 0x8f, 0xc0, 0x00, 0x00, 0x00, 0x8f, 0xc0,
    0x00, 0x00, 0x00, 0x8f, 0xc0, 0x00, 0x00, 0x00, 0x8f, 0xc0, 0x00, 0x00,
    0x00, 0x8f, 0xc0, 0x00, 0x00, 0x00, 0x8f, 0xc0, 0x00, 0x00, 0x00, 0x6f,
    0xf6, 0x44, 0x44, 0x44, 0x1d, 0xff, 0xff, 0xff, 0xfc, 0x02, 0xae, 0xff,
    0xff, 0xfc,

    /* U+0075 "u" */
    0x24, 0x30, 0x00, 0x00, 0x00, 0x00, 0x00, 0x14, 0x40, 0x8f, 0xc0, 0x00,
    0x00, 0x00, 0x00, 0x00, 0x4f, 0xf0, 0x8f, 0xc0, 0x00, 0x00, 0x00, 0x00,
    0x00, 0x4f, 0xf0, 0x8f, 0xc0, 0x00, 0x00, 0x00, 0x00, 0x00, 0x4f, 0xf0,
    0x8f, 0xc0, 0x00, 0x00, 0x00, 0x00, 0x00, 0x4f, 0xf0, 0x8f, 0xc0, 0x00,
    0x00, 0x00, 0x00, 0x00, 0x4f, 0xf0, 0x8f, 0xc0, 0x00, 0x00, 0x00, 0x00,
    0x00, 0x4f, 0xf0, 0x8f, 0xc0, 0x00, 0x00, 0x00, 0x00, 0x00, 0x4f, 0xf0,
    0x8f, 0xc0, 0x00, 0x00, 0x00, 0x00, 0x00, 0x4f, 0xf0, 0x8f, 0xc0, 0x00,
    0x00, 0x00, 0x00, 0x00, 0x4f, 0xf0, 0x8f, 0xc0, 0x00, 0x00, 0x00, 0x00,
    0x00, 0x4f, 0xf0, 0x8f, 0xc0, 0x00, 0x00, 0x00, 0x00, 0x00, 0x4f, 0xf0,
    0x8f, 0xc0, 0x00, 0x00, 0x00, 0x00, 0x00, 0x4f, 0xf0, 0x8f, 0xc0, 0x00,
    0x00, 0x00, 0x00, 0x00, 0x4f, 0xf0, 0x5f, 0xf6, 0x44, 0x44, 0x44, 0x44,
    0x45, 0xbf, 0xd0, 0x1d, 0xff, 0xff, 0xff, 0xff, 0xff, 0xff, 0xff, 0x60,
    0x02, 0xae, 0xff, 0xff, 0xff, 0xff, 0xff, 0xd6, 0x00,

    /* U+0076 "v" */
    0x14, 0x41, 0x00, 0x00, 0x00, 0x00, 0x00, 0x00, 0x00, 0x24, 0x40, 0x1e,
    0xfa, 0x00, 0x00, 0x00, 0x00, 0x00, 0x00, 0x00, 0xdf, 0xc0, 0x07, 0xff,
    0x30, 0x00, 0x00, 0x00, 0x00, 0x00, 0x06, 0xff, 0x40, 0x00, 0xdf, 0xb0,
    0x00, 0x00, 0x00, 0x00, 0x00, 0x1e, 0xfa, 0x00, 0x00, 0x5f, 0xf5, 0x00,
    0x00, 0x00, 0x00, 0x00, 0x8f, 0xf2, 0x00, 0x00, 0x0c, 0xfd, 0x00, 0x00,
    0x00, 0x00, 0x02, 0xef, 0x90, 0x00, 0x00, 0x04, 0xff, 0x60, 0x00, 0x00,
    0x00, 0x09, 0xfe, 0x10, 0x00, 0x00, 0x00, 0xaf, 0xe1, 0x00, 0x00, 0x00,
    0x2f, 0xf7, 0x00, 0x00, 0x00, 0x00, 0x2f, 0xf7, 0x00, 0x00, 0x00, 0xbf,
    0xd0, 0x00, 0x00, 0x00, 0x00, 0x09, 0xfe, 0x10, 0x00, 0x04, 0xff, 0x50,
    0x00, 0x00, 0x00, 0x00, 0x01, 0xef, 0x90, 0x00, 0x0c, 0xfc, 0x00, 0x00,
    0x00, 0x00, 0x00, 0x00, 0x7f, 0xf2, 0x00, 0x5f, 0xf4, 0x00, 0x00, 0x00,
    0x00, 0x00, 0x00, 0x1d, 0xfa, 0x00, 0xdf, 0xa0, 0x00, 0x00, 0x00, 0x00,
    0x00, 0x00, 0x06, 0xff, 0x36, 0xff, 0x20, 0x00, 0x00, 0x00, 0x00, 0x00,
    0x00, 0x00, 0xcf, 0xce, 0xf9, 0x00, 0x00, 0x00, 0x00, 0x00, 0x00, 0x00,
    0x00, 0x4f, 0xff, 0xe1, 0x00, 0x00, 0x00, 0x00, 0x00, 0x00, 0x00, 0x00,
    0x0b, 0xff, 0x70, 0x00, 0x00, 0x00, 0x00,

    /* U+0077 "w" */
    0x03, 0x42, 0x00, 0x00, 0x00, 0x00, 0x02, 0x44, 0x20, 0x00, 0x00, 0x00,
    0x00, 0x14, 0x41, 0x0b, 0xfb, 0x00, 0x00, 0x00, 0x00, 0x0b, 0xff, 0xe1,
    0x00, 0x00, 0x00, 0x00, 0x7f, 0xe1, 0x05, 0xff, 0x20, 0x00, 0x00, 0x00,
    0x2f, 0xff, 0xf6, 0x00, 0x00, 0x00, 0x00, 0xdf, 0x90, 0x00, 0xef, 0x80,
    0x00, 0x00, 0x00, 0x9f, 0xfe, 0xfd, 0x00, 0x00, 0x00, 0x04, 0xff, 0x40,
    0x00, 0x8f, 0xe0, 0x00, 0x00, 0x01, 0xef, 0xb7, 0xff, 0x50, 0x00, 0x00,
    0x09, 0xfd, 0x00, 0x00, 0x2f, 0xf6, 0x00, 0x00, 0x07, 0xff, 0x51, 0xef,
    0xc0, 0x00, 0x00, 0x1e, 0xf7, 0x00, 0x00, 0x0c, 0xfc, 0x00, 0x00, 0x0d,
    0xfd, 0x00, 0x9f, 0xf4, 0x00, 0x00, 0x6f, 0xf2, 0x00, 0x00, 0x06, 0xff,
    0x30, 0x00, 0x5f, 0xf7, 0x00, 0x2f, 0xfb, 0x00, 0x00, 0xcf, 0xb0, 0x00,
    0x00, 0x01, 0xef, 0x90, 0x00, 0xbf, 0xe1, 0x00, 0x0a, 0xff, 0x30, 0x02,
    0xff, 0x50, 0x00, 0x00, 0x00, 0x9f, 0xe1, 0x03, 0xff, 0x90, 0x00, 0x03,
    0xff, 0xa0, 0x08, 0xfe, 0x10, 0x00, 0x00, 0x00, 0x3f, 0xf6, 0x09, 0xff,
    0x20, 0x00, 0x00, 0xbf, 0xf2, 0x0d, 0xf9, 0x00, 0x00, 0x00, 0x00, 0x0c,
    0xfc, 0x1e, 0xfb, 0x00, 0x00, 0x00, 0x5f, 0xf9, 0x4f, 0xf3, 0x00, 0x00,
    0x00, 0x00, 0x06, 0xff, 0xaf, 0xf5, 0x00, 0x00, 0x00, 0x0d, 0xfe, 0xbf,
    0xd0, 0x00, 0x00, 0x00, 0x00, 0x01, 0xef, 0xff, 0xd0, 0x00, 0x00, 0x00,
    0x06, 0xff, 0xff, 0x70, 0x00, 0x00, 0x00, 0x00, 0x00, 0x9f, 0xff, 0x70,
    0x00, 0x00, 0x00, 0x01, 0xef, 0xff, 0x20, 0x00, 0x00, 0x00, 0x00, 0x00,
    0x3f, 0xfe, 0x10, 0x00, 0x00, 0x00, 0x00, 0x8f, 0xfb, 0x00, 0x00, 0x00,
    0x00, 0x00, 0x00, 0x0d, 0xf9, 0x00, 0x00, 0x00, 0x00, 0x00, 0x1f, 0xf5,
    0x00, 0x00, 0x00,

    /* U+0078 "x" */
    0x24, 0x41, 0x00, 0x00, 0x00, 0x00, 0x01, 0x44, 0x32, 0xef, 0xd1, 0x00,
    0x00, 0x00, 0x00, 0xbf, 0xf4, 0x04, 0xff, 0xb0, 0x00, 0x00, 0x00, 0x9f,
    0xf6, 0x00, 0x06, 0xff, 0xa0, 0x00, 0x00, 0x7f, 0xf8, 0x00, 0x00, 0x08,
    0xff, 0x80, 0x00, 0x5f, 0xfa, 0x00, 0x00, 0x00, 0x0a, 0xff, 0x50, 0x3f,
    0xfc, 0x10, 0x00, 0x00, 0x00, 0x1c, 0xff, 0x6e, 0xfd, 0x20, 0x00, 0x00,
    0x00, 0x00, 0x2d, 0xff, 0xfe, 0x30, 0x00, 0x00, 0x00, 0x00, 0x00, 0x3f,
    0xff, 0x50, 0x00, 0x00, 0x00, 0x00, 0x00, 0x09, 0xff, 0xfb, 0x00, 0x00,
    0x00, 0x00, 0x00, 0x06, 0xff, 0xcf, 0xf8, 0x00, 0x00, 0x00, 0x00, 0x04,
    0xff, 0xb0, 0x9f, 0xf6, 0x00, 0x00, 0x00, 0x02, 0xef, 0xd1, 0x00, 0xcf,
    0xf3, 0x00, 0x00, 0x01, 0xcf, 0xe3, 0x00, 0x01, 0xdf, 0xe2, 0x00, 0x00,
    0xaf, 0xf5, 0x00, 0x00, 0x03, 0xef, 0xc1, 0x00, 0x8f, 0xf8, 0x00, 0x00,
    0x00, 0x05, 0xff, 0xa0, 0x5f, 0xfb, 0x00, 0x00, 0x00, 0x00, 0x08, 0xff,
    0x80,

    /* U+0079 "y" */
    0x23, 0x10, 0x00, 0x00, 0x00, 0x00, 0x00, 0x23, 0x2c, 0xf7, 0x00, 0x00,
    0x00, 0x00, 0x00, 0x09, 0xfb, 0xcf, 0x70, 0x00, 0x00, 0x00, 0x00, 0x00,
    0x9f, 0xbc, 0xf7, 0x00, 0x00, 0x00, 0x00, 0x00, 0x09, 0xfb, 0xcf, 0x70,
    0x00, 0x00, 0x00, 0x00, 0x00, 0x9f, 0xbc, 0xf7, 0x00, 0x00, 0x00, 0x00,
    0x00, 0x09, 0xfb, 0xcf, 0x70, 0x00, 0x00, 0x00, 0x00, 0x00, 0x9f, 0xbc,
    0xf7, 0x00, 0x00, 0x00, 0x00, 0x00, 0x09, 0xfb, 0xcf, 0x70, 0x00, 0x00,
    0x00, 0x00, 0x00, 0x9f, 0xbc, 0xf7, 0x00, 0x00, 0x00, 0x00, 0x00, 0x09,
    0xfb, 0xcf, 0x70, 0x00, 0x00, 0x00, 0x00, 0x00, 0x9f, 0xbc, 0xf7, 0x00,
    0x00, 0x00, 0x00, 0x00, 0x09, 0xfb, 0xcf, 0x70, 0x00, 0x00, 0x00, 0x00,
    0x00, 0x9f, 0xbc, 0xf7, 0x00, 0x00, 0x00, 0x00, 0x00, 0x09, 0xfb, 0xaf,
    0xd5, 0x44, 0x44, 0x44, 0x44, 0x45, 0xef, 0xb3, 0xff, 0xff, 0xff, 0xff,
    0xff, 0xff, 0xff, 0xfb, 0x04, 0xcf, 0xff, 0xff, 0xff, 0xff, 0xff, 0xff,
    0xb0, 0x00, 0x00, 0x00, 0x00, 0x00, 0x00, 0x09, 0xfb, 0x00, 0x00, 0x00,
    0x00, 0x00, 0x00, 0x00, 0x9f, 0xb0, 0x00, 0x00, 0x00, 0x00, 0x00, 0x00,
    0x09, 0xfb, 0x00, 0x00, 0x00, 0x00, 0x00, 0x00, 0x00, 0xbf, 0xa0, 0x00,
    0xbd, 0xdd, 0xdd, 0xdd, 0xdd, 0xef, 0xf5, 0x00, 0x0c, 0xff, 0xff, 0xff,
    0xff, 0xff, 0xf9, 0x00, 0x00, 0x57, 0x77, 0x77, 0x77, 0x77, 0x63, 0x00,

    /* U+007A "z" */
    0x24, 0x44, 0x44, 0x44, 0x44, 0x44, 0x44, 0x44, 0x40, 0x7f, 0xff, 0xff,
    0xff, 0xff, 0xff, 0xff, 0xff, 0xf1, 0x7f, 0xff, 0xff, 0xff, 0xff, 0xff,
    0xff, 0xff, 0xf1, 0x01, 0x11, 0x11, 0x11, 0x11, 0x11, 0x14, 0xdf, 0xf1,
    0x00, 0x00, 0x00, 0x00, 0x00, 0x00, 0x5e, 0xfe, 0x50, 0x00, 0x00, 0x00,
    0x00, 0x00, 0x09, 0xff, 0xc2, 0x00, 0x00, 0x00, 0x00, 0x00, 0x02, 0xcf,
    0xfa, 0x10, 0x00, 0x00, 0x00, 0x00, 0x00, 0x4e, 0xff, 0x60, 0x00, 0x00,
    0x00, 0x00, 0x00, 0x08, 0xff, 0xd3, 0x00, 0x00, 0x00, 0x00, 0x00, 0x01,
    0xbf, 0xfb, 0x10, 0x00, 0x00, 0x00, 0x00, 0x00, 0x3d, 0xff, 0x70, 0x00,
    0x00, 0x00, 0x00, 0x00, 0x07, 0xff, 0xe4, 0x00, 0x00, 0x00, 0x00, 0x00,
    0x01, 0xaf, 0xfc, 0x20, 0x00, 0x00, 0x00, 0x00, 0x00, 0x2d, 0xff, 0x90,
    0x00, 0x00, 0x00, 0x00, 0x00, 0x00, 0x7f, 0xfa, 0x44, 0x44, 0x44, 0x44,
    0x44, 0x44, 0x40, 0x7f, 0xff, 0xff, 0xff, 0xff, 0xff, 0xff, 0xff, 0xf1,
    0x7f, 0xff, 0xff, 0xff, 0xff, 0xff, 0xff, 0xff, 0xf1,

    /* U+007B "{" */
    0x00, 0x00, 0x12, 0x00, 0x00, 0x8f, 0xf2, 0x00, 0x8f, 0xff, 0x20, 0x0e,
    0xfa, 0x30, 0x01, 0xff, 0x40, 0x00, 0x1f, 0xf4, 0x00, 0x01, 0xff, 0x40,
    0x00, 0x1f, 0xf4, 0x00, 0x01, 0xff, 0x40, 0x03, 0xdf, 0xa1, 0x00, 0x5f,
    0x70, 0x00, 0x05, 0xf9, 0x00, 0x00, 0x2b, 0xfb, 0x10, 0x00, 0x1f, 0xf4,
    0x00, 0x01, 0xff, 0x40, 0x00, 0x1f, 0xf4, 0x00, 0x01, 0xff, 0x40, 0x00,
    0x1f, 0xf4, 0x00, 0x00, 0xdf, 0xb5, 0x10, 0x06, 0xff, 0xf2, 0x00, 0x06,
    0xdf, 0x20,

    /* U+007C "|" */
    0x49, 0x77, 0xfc, 0x7f, 0xc7, 0xfc, 0x7f, 0xc7, 0xfc, 0x7f, 0xc7, 0xfc,
    0x7f, 0xc7, 0xfc, 0x7f, 0xc7, 0xfc, 0x7f, 0xc7, 0xfc, 0x7f, 0xc7, 0xfc,
    0x7f, 0xc7, 0xfc, 0x7f, 0xc7, 0xfc, 0x7f, 0xc7, 0xfc, 0x7f, 0xc7, 0xfc,
    0x7f, 0xc7, 0xfc, 0x7f, 0xc2, 0x33,

    /* U+007D "}" */
    0x12, 0x00, 0x00, 0x9f, 0xd4, 0x00, 0x9f, 0xfe, 0x20, 0x14, 0xef, 0x80,
    0x00, 0xaf, 0x90, 0x00, 0xaf, 0x90, 0x00, 0xaf, 0x90, 0x00, 0xaf, 0x90,
    0x00, 0xaf, 0xa0, 0x00, 0x4e, 0xf9, 0x00, 0x02, 0xce, 0x00, 0x02, 0xde,
    0x00, 0x4e, 0xf8, 0x00, 0xaf, 0x90, 0x00, 0xaf, 0x90, 0x00, 0xaf, 0x90,
    0x00, 0xaf, 0x90, 0x00, 0xaf, 0x90, 0x36, 0xef, 0x70, 0x9f, 0xfe, 0x10,
    0x9e, 0xb2, 0x00,

    /* U+007E "~" */
    0x3c, 0xdb, 0x50, 0x00, 0x00, 0x02, 0x33, 0x5b, 0xe7, 0x20, 0x21, 0x00,
    0x00, 0x02, 0x9e, 0xee, 0x20, 0x00, 0x00, 0x00, 0x02, 0x00,

};

/*---------------------
 *  GLYPH DESCRIPTION
 *--------------------*/

static const lv_font_fmt_txt_glyph_dsc_t glyph_dsc[] = {
    {.bitmap_index = 0, .adv_w = 0, .box_w = 0, .box_h = 0, .ofs_x = 0, .ofs_y = 0} /* id = 0 reserved */,
    {.bitmap_index = 0, .adv_w = 128, .box_w = 0, .box_h = 0, .ofs_x = 0, .ofs_y = 0},
    {.bitmap_index = 0, .adv_w = 96, .box_w = 3, .box_h = 21, .ofs_x = 1, .ofs_y = 0},
    {.bitmap_index = 32, .adv_w = 160, .box_w = 8, .box_h = 5, .ofs_x = 1, .ofs_y = 16},
    {.bitmap_index = 52, .adv_w = 352, .box_w = 22, .box_h = 21, .ofs_x = 0, .ofs_y = 0},
    {.bitmap_index = 283, .adv_w = 352, .box_w = 22, .box_h = 28, .ofs_x = 0, .ofs_y = -4},
    {.bitmap_index = 591, .adv_w = 432, .box_w = 26, .box_h = 22, .ofs_x = 1, .ofs_y = -1},
    {.bitmap_index = 877, .adv_w = 416, .box_w = 25, .box_h = 21, .ofs_x = 1, .ofs_y = 0},
    {.bitmap_index = 1140, .adv_w = 96, .box_w = 3, .box_h = 5, .ofs_x = 1, .ofs_y = 16},
    {.bitmap_index = 1148, .adv_w = 128, .box_w = 5, .box_h = 21, .ofs_x = 1, .ofs_y = 0},
    {.bitmap_index = 1201, .adv_w = 128, .box_w = 5, .box_h = 21, .ofs_x = 1, .ofs_y = 0},
    {.bitmap_index = 1254, .adv_w = 224, .box_w = 13, .box_h = 13, .ofs_x = 0, .ofs_y = 8},
    {.bitmap_index = 1339, .adv_w = 192, .box_w = 12, .box_h = 12, .ofs_x = 0, .ofs_y = 2},
    {.bitmap_index = 1411, .adv_w = 80, .box_w = 3, .box_h = 7, .ofs_x = 1, .ofs_y = -4},
    {.bitmap_index = 1422, .adv_w = 224, .box_w = 12, .box_h = 3, .ofs_x = 1, .ofs_y = 7},
    {.bitmap_index = 1440, .adv_w = 96, .box_w = 3, .box_h = 3, .ofs_x = 1, .ofs_y = 0},
    {.bitmap_index = 1445, .adv_w = 240, .box_w = 15, .box_h = 21, .ofs_x = 0, .ofs_y = 0},
    {.bitmap_index = 1603, .adv_w = 368, .box_w = 21, .box_h = 21, .ofs_x = 1, .ofs_y = 0},
    {.bitmap_index = 1824, .adv_w = 176, .box_w = 9, .box_h = 21, .ofs_x = 0, .ofs_y = 0},
    {.bitmap_index = 1919, .adv_w = 368, .box_w = 21, .box_h = 21, .ofs_x = 1, .ofs_y = 0},
    {.bitmap_index = 2140, .adv_w = 368, .box_w = 21, .box_h = 21, .ofs_x = 1, .ofs_y = 0},
    {.bitmap_index = 2361, .adv_w = 320, .box_w = 20, .box_h = 21, .ofs_x = 0, .ofs_y = 0},
    {.bitmap_index = 2571, .adv_w = 368, .box_w = 21, .box_h = 21, .ofs_x = 1, .ofs_y = 0},
    {.bitmap_index = 2792, .adv_w = 368, .box_w = 21, .box_h = 21, .ofs_x = 1, .ofs_y = 0},
    {.bitmap_index = 3013, .adv_w = 288, .box_w = 17, .box_h = 21, .ofs_x = 0, .ofs_y = 0},
    {.bitmap_index = 3192, .adv_w = 368, .box_w = 21, .box_h = 21, .ofs_x = 1, .ofs_y = 0},
    {.bitmap_index = 3413, .adv_w = 368, .box_w = 21, .box_h = 21, .ofs_x = 1, .ofs_y = 0},
    {.bitmap_index = 3634, .adv_w = 96, .box_w = 3, .box_h = 17, .ofs_x = 1, .ofs_y = 0},
    {.bitmap_index = 3660, .adv_w = 80, .box_w = 3, .box_h = 21, .ofs_x = 1, .ofs_y = -4},
    {.bitmap_index = 3692, .adv_w = 208, .box_w = 12, .box_h = 17, .ofs_x = 0, .ofs_y = 0},
    {.bitmap_index = 3794, .adv_w = 288, .box_w = 16, .box_h = 9, .ofs_x = 1, .ofs_y = 4},
    {.bitmap_index = 3866, .adv_w = 208, .box_w = 12, .box_h = 17, .ofs_x = 1, .ofs_y = 0},
    {.bitmap_index = 3968, .adv_w = 304, .box_w = 19, .box_h = 21, .ofs_x = 0, .ofs_y = 0},
    {.bitmap_index = 4168, .adv_w = 368, .box_w = 21, .box_h = 21, .ofs_x = 1, .ofs_y = 0},
    {.bitmap_index = 4389, .adv_w = 368, .box_w = 21, .box_h = 21, .ofs_x = 1, .ofs_y = 0},
    {.bitmap_index = 4610, .adv_w = 368, .box_w = 21, .box_h = 21, .ofs_x = 1, .ofs_y = 0},
    {.bitmap_index = 4831, .adv_w = 368, .box_w = 21, .box_h = 21, .ofs_x = 1, .ofs_y = 0},
    {.bitmap_index = 5052, .adv_w = 368, .box_w = 21, .box_h = 21, .ofs_x = 1, .ofs_y = 0},
    {.bitmap_index = 5273, .adv_w = 336, .box_w = 20, .box_h = 21, .ofs_x = 1, .ofs_y = 0},
    {.bitmap_index = 5483, .adv_w = 320, .box_w = 20, .box_h = 21, .ofs_x = 1, .ofs_y = 0},
    {.bitmap_index = 5693, .adv_w = 368, .box_w = 21, .box_h = 21, .ofs_x = 1, .ofs_y = 0},
    {.bitmap_index = 5914, .adv_w = 384, .box_w = 22, .box_h = 21, .ofs_x = 1, .ofs_y = 0},
    {.bitmap_index = 6145, .adv_w = 96, .box_w = 4, .box_h = 21, .ofs_x = 1, .ofs_y = 0},
    {.bitmap_index = 6187, .adv_w = 352, .box_w = 21, .box_h = 21, .ofs_x = 0, .ofs_y = 0},
    {.bitmap_index = 6408, .adv_w = 352, .box_w = 20, .box_h = 21, .ofs_x = 1, .ofs_y = 0},
    {.bitmap_index = 6618, .adv_w = 352, .box_w = 21, .box_h = 21, .ofs_x = 1, .ofs_y = 0},
    {.bitmap_index = 6839, .adv_w = 416, .box_w = 24, .box_h = 21, .ofs_x = 1, .ofs_y = 0},
    {.bitmap_index = 7091, .adv_w = 368, .box_w = 21, .box_h = 21, .ofs_x = 1, .ofs_y = 0},
    {.bitmap_index = 7312, .adv_w = 368, .box_w = 21, .box_h = 21, .ofs_x = 1, .ofs_y = 0},
    {.bitmap_index = 7533, .adv_w = 352, .box_w = 21, .box_h = 21, .ofs_x = 1, .ofs_y = 0},
    {.bitmap_index = 7754, .adv_w = 400, .box_w = 24, .box_h = 21, .ofs_x = 1, .ofs_y = 0},
    {.bitmap_index = 8006, .adv_w = 368, .box_w = 21, .box_h = 21, .ofs_x = 1, .ofs_y = 0},
    {.bitmap_index = 8227, .adv_w = 368, .box_w = 21, .box_h = 21, .ofs_x = 1, .ofs_y = 0},
    {.bitmap_index = 8448, .adv_w = 336, .box_w = 21, .box_h = 21, .ofs_x = 0, .ofs_y = 0},
    {.bitmap_index = 8669, .adv_w = 368, .box_w = 21, .box_h = 21, .ofs_x = 1, .ofs_y = 0},
    {.bitmap_index = 8890, .adv_w = 448, .box_w = 27, .box_h = 21, .ofs_x = 0, .ofs_y = 0},
    {.bitmap_index = 9174, .adv_w = 528, .box_w = 33, .box_h = 21, .ofs_x = 0, .ofs_y = 0},
    {.bitmap_index = 9521, .adv_w = 368, .box_w = 21, .box_h = 21, .ofs_x = 1, .ofs_y = 0},
    {.bitmap_index = 9742, .adv_w = 368, .box_w = 22, .box_h = 21, .ofs_x = 0, .ofs_y = 0},
    {.bitmap_index = 9973, .adv_w = 368, .box_w = 21, .box_h = 21, .ofs_x = 1, .ofs_y = 0},
    {.bitmap_index = 10194, .adv_w = 128, .box_w = 5, .box_h = 21, .ofs_x = 1, .ofs_y = 0},
    {.bitmap_index = 10247, .adv_w = 240, .box_w = 15, .box_h = 21, .ofs_x = 0, .ofs_y = 0},
    {.bitmap_index = 10405, .adv_w = 128, .box_w = 5, .box_h = 21, .ofs_x = 1, .ofs_y = 0},
    {.bitmap_index = 10458, .adv_w = 224, .box_w = 14, .box_h = 21, .ofs_x = 0, .ofs_y = 0},
    {.bitmap_index = 10605, .adv_w = 368, .box_w = 21, .box_h = 3, .ofs_x = 1, .ofs_y = -3},
    {.bitmap_index = 10637, .adv_w = 144, .box_w = 5, .box_h = 5, .ofs_x = 2, .ofs_y = 17},
    {.bitmap_index = 10650, .adv_w = 304, .box_w = 17, .box_h = 17, .ofs_x = 1, .ofs_y = 0},
    {.bitmap_index = 10795, .adv_w = 304, .box_w = 18, .box_h = 22, .ofs_x = 1, .ofs_y = 0},
    {.bitmap_index = 10993, .adv_w = 304, .box_w = 17, .box_h = 17, .ofs_x = 1, .ofs_y = 0},
    {.bitmap_index = 11138, .adv_w = 304, .box_w = 18, .box_h = 22, .ofs_x = 0, .ofs_y = 0},
    {.bitmap_index = 11336, .adv_w = 304, .box_w = 17, .box_h = 17, .ofs_x = 1, .ofs_y = 0},
    {.bitmap_index = 11481, .adv_w = 176, .box_w = 10, .box_h = 22, .ofs_x = 1, .ofs_y = 0},
    {.bitmap_index = 11591, .adv_w = 304, .box_w = 17, .box_h = 24, .ofs_x = 1, .ofs_y = -7},
    {.bitmap_index = 11795, .adv_w = 304, .box_w = 18, .box_h = 22, .ofs_x = 1, .ofs_y = 0},
    {.bitmap_index = 11993, .adv_w = 96, .box_w = 3, .box_h = 22, .ofs_x = 1, .ofs_y = 0},
    {.bitmap_index = 12026, .adv_w = 112, .box_w = 12, .box_h = 29, .ofs_x = -6, .ofs_y = -7},
    {.bitmap_index = 12200, .adv_w = 288, .box_w = 17, .box_h = 22, .ofs_x = 1, .ofs_y = 0},
    {.bitmap_index = 12387, .adv_w = 128, .box_w = 7, .box_h = 22, .ofs_x = 1, .ofs_y = 0},
    {.bitmap_index = 12464, .adv_w = 432, .box_w = 26, .box_h = 17, .ofs_x = 1, .ofs_y = 0},
    {.bitmap_index = 12685, .adv_w = 304, .box_w = 18, .box_h = 17, .ofs_x = 1, .ofs_y = 0},
    {.bitmap_index = 12838, .adv_w = 304, .box_w = 17, .box_h = 17, .ofs_x = 1, .ofs_y = 0},
    {.bitmap_index = 12983, .adv_w = 304, .box_w = 18, .box_h = 24, .ofs_x = 1, .ofs_y = -7},
    {.bitmap_index = 13199, .adv_w = 304, .box_w = 18, .box_h = 24, .ofs_x = 0, .ofs_y = -7},
    {.bitmap_index = 13415, .adv_w = 224, .box_w = 13, .box_h = 17, .ofs_x = 1, .ofs_y = 0},
    {.bitmap_index = 13526, .adv_w = 304, .box_w = 17, .box_h = 17, .ofs_x = 1, .ofs_y = 0},
    {.bitmap_index = 13671, .adv_w = 176, .box_w = 10, .box_h = 22, .ofs_x = 1, .ofs_y = 0},
    {.bitmap_index = 13781, .adv_w = 304, .box_w = 18, .box_h = 17, .ofs_x = 1, .ofs_y = 0},
    {.bitmap_index = 13934, .adv_w = 352, .box_w = 22, .box_h = 17, .ofs_x = 0, .ofs_y = 0},
    {.bitmap_index = 14121, .adv_w = 480, .box_w = 30, .box_h = 17, .ofs_x = 0, .ofs_y = 0},
    {.bitmap_index = 14376, .adv_w = 304, .box_w = 17, .box_h = 17, .ofs_x = 1, .ofs_y = 0},
    {.bitmap_index = 14521, .adv_w = 304, .box_w = 17, .box_h = 24, .ofs_x = 1, .ofs_y = -7},
    {.bitmap_index = 14725, .adv_w = 320, .box_w = 18, .box_h = 17, .ofs_x = 1, .ofs_y = 0},
    {.bitmap_index = 14878, .adv_w = 128, .box_w = 7, .box_h = 21, .ofs_x = 0, .ofs_y = 0},
    {.bitmap_index = 14952, .adv_w = 96, .box_w = 3, .box_h = 28, .ofs_x = 1, .ofs_y = -4},
    {.bitmap_index = 14994, .adv_w = 128, .box_w = 6, .box_h = 21, .ofs_x = 1, .ofs_y = 0},
    {.bitmap_index = 15057, .adv_w = 176, .box_w = 11, .box_h = 4, .ofs_x = 0, .ofs_y = 6},
};

/*---------------------
 *  CHARACTER MAPPING
 *--------------------*/

static const uint16_t unicode_list[] = {
    0x0000, 0x0001, 0x0002, 0x0003, 0x0004, 0x0005, 0x0006, 0x0007, 0x0008, 0x0009, 0x000A, 0x000B, 0x000C, 0x000D, 0x000E, 0x000F, 0x0010, 0x0011, 0x0012, 0x0013, 0x0014, 0x0015, 0x0016, 0x0017, 0x0018, 0x0019, 0x001A, 0x001B, 0x001C, 0x001D, 0x001E, 0x001F, 0x0020, 0x0021, 0x0022, 0x0023, 0x0024, 0x0025, 0x0026, 0x0027, 0x0028, 0x0029, 0x002A, 0x002B, 0x002C, 0x002D, 0x002E, 0x002F, 0x0030, 0x0031, 0x0032, 0x0033, 0x0034, 0x0035, 0x0036, 0x0037, 0x0038, 0x0039, 0x003A, 0x003B, 0x003C, 0x003D, 0x003E, 0x003F, 0x0040, 0x0041, 0x0042, 0x0043, 0x0044, 0x0045, 0x0046, 0x0047, 0x0048, 0x0049, 0x004A, 0x004B, 0x004C, 0x004D, 0x004E, 0x004F, 0x0050, 0x0051, 0x0052, 0x0053, 0x0054, 0x0055, 0x0056, 0x0057, 0x0058, 0x0059, 0x005A, 0x005B, 0x005C, 0x005D, 0x005E
};

static const lv_font_fmt_txt_cmap_t cmaps[] = {
    {
        .range_start = 32, .range_length = 95, .glyph_id_start = 1,
        .unicode_list = unicode_list, .glyph_id_ofs_list = NULL, .list_length = 95, .type = LV_FONT_FMT_TXT_CMAP_SPARSE_TINY
    }
};

/*--------------------
 *  ALL CUSTOM DATA
 *--------------------*/

static const lv_font_fmt_txt_dsc_t font_dsc = {
    .glyph_bitmap = glyph_bitmap,
    .glyph_dsc = glyph_dsc,
    .cmaps = cmaps,
    .kern_dsc = NULL,
    .kern_scale = 0,
    .cmap_num = 1,
    .bpp = 4,
    .kern_classes = 0,
    .bitmap_format = 0,
};

/*-----------------
 *  PUBLIC FONT
 *----------------*/

const lv_font_t font_argus_label_28 = {
    .get_glyph_dsc    = lv_font_get_glyph_dsc_fmt_txt,
    .get_glyph_bitmap = lv_font_get_bitmap_fmt_txt,
    .line_height = 35,
    .base_line = 7,
    .subpx = LV_FONT_SUBPX_NONE,
    .underline_position = -8,
    .underline_thickness = 4,
    .dsc = &font_dsc,
    // ASCII-only subset: fall back to montserrat so an
    // LV_SYMBOL_* glyph renders instead of silently drawing
    // nothing. montserrat is already linked, so this is free.
    .fallback = &lv_font_montserrat_28,
};
